master_id,p_at_risk
1,0.059311688
2,0.012594521
7,0.14929724
9,0.013638854
11,0.977256
13,0.97622097
16,0.99220127
17,0.2208721
18,0.10549903
20,0.009252906
22,0.021398187
23,0.98031974
24,0.9810664
25,0.02781862
27,0.009230912
28,0.0565598
30,0.9919368
31,0.99142444
32,0.020583391
35,0.86756724
37,0.97162837
41,0.014685154
43,0.019448876
44,0.07791698
47,0.007148087
50,0.009715617
51,0.010857403
52,0.119629085
54,0.010776758
56,0.0753929
58,0.008229017
59,0.57936853
61,0.07912791
62,0.12116796
64,0.8561418
66,0.16083628
69,0.040008843
71,0.042476058
77,0.066167295
78,0.99008423
81,0.008495152
82,0.05335486
83,0.012032807
85,0.13963771
87,0.9607931
89,0.069815755
90,0.1636756
93,0.015558541
95,0.023620069
96,0.011209369
99,0.009629667
100,0.024711668
101,0.029274404
103,0.053049743
104,0.025502264
105,0.06967008
107,0.4405818
109,0.034624875
111,0.9817604
112,0.014926076
114,0.97063327
115,0.0079039335
116,0.1634078
118,0.020675719
121,0.011167169
125,0.9889942
126,0.008431137
127,0.09698939
128,0.9656756
130,0.16836256
131,0.010677636
132,0.08283597
134,0.99051833
135,0.038959086
139,0.007730007
142,0.0071099997
147,0.008269131
148,0.008107185
149,0.07564658
153,0.079057515
157,0.97028583
161,0.9897536
162,0.017766833
167,0.09638828
168,0.96390444
169,0.040445387
171,0.8491642
173,0.9717946
175,0.048220336
178,0.03503871
181,0.026331961
188,0.07400274
189,0.4702397
190,0.98937744
193,0.9553705
194,0.27521724
195,0.21337771
197,0.012640059
199,0.058955073
202,0.09611583
203,0.039928854
204,0.44856888
205,0.011665344
207,0.07939583
211,0.02008766
213,0.32131773
214,0.90795445
217,0.05087906
218,0.007437885
219,0.975029
223,0.008292973
224,0.23613405
226,0.01281774
227,0.018845141
229,0.981533
232,0.04786712
233,0.017043233
235,0.081373155
237,0.060130775
238,0.9621952
241,0.9765727
247,0.01960516
248,0.011415839
250,0.9426868
251,0.006156206
254,0.8360759
256,0.7690309
261,0.008402109
263,0.013177395
265,0.9674879
267,0.010563254
269,0.0073671937
273,0.991725
274,0.044379056
277,0.026057899
278,0.018418789
281,0.008738637
282,0.95028317
283,0.009760857
284,0.9761246
285,0.026872635
286,0.014902353
287,0.04598683
288,0.014025509
291,0.005280614
296,0.024271548
297,0.00694108
299,0.016316235
302,0.011462212
304,0.78851056
314,0.18507123
315,0.92747325
318,0.0063712
325,0.009180129
329,0.96515465
332,0.5008692
333,0.018873155
335,0.015166163
337,0.021526933
339,0.3819788
340,0.9692129
342,0.96136385
344,0.08679122
345,0.98549247
347,0.95382565
349,0.98442286
350,0.8046049
351,0.009839177
354,0.491544
358,0.9633994
359,0.04175687
361,0.2506066
362,0.018041193
364,0.013829231
365,0.88019174
367,0.019582272
368,0.00853157
369,0.067079246
371,0.9736763
372,0.021093965
374,0.9374811
376,0.11136997
377,0.96413726
379,0.01753956
381,0.41786474
382,0.96188426
383,0.97242904
384,0.024779797
385,0.038740814
387,0.014357746
388,0.9727592
393,0.9742157
394,0.35736877
396,0.058182
397,0.96918666
402,0.13213706
403,0.08821213
405,0.009922624
407,0.5515778
408,0.018072426
410,0.93820316
411,0.07327831
413,0.9608265
416,0.9423677
421,0.056784987
423,0.065318346
426,0.006936133
428,0.96290064
429,0.079847515
430,0.115980744
431,0.0959968
432,0.061561048
433,0.80564
437,0.011386037
441,0.012794495
444,0.11891496
445,0.011887848
450,0.0127340555
452,0.87986577
454,0.011769533
455,0.008323669
461,0.17292184
462,0.43090874
467,0.9494806
469,0.029254138
474,0.9913224
476,0.9618941
477,0.008190095
478,0.9323268
479,0.019091725
482,0.07707828
485,0.9401088
486,0.9891493
487,0.96945405
489,0.015573323
493,0.02692312
494,0.89895725
496,0.9721267
499,0.9328302
503,0.019993782
504,0.038045943
506,0.4376163
507,0.017551363
510,0.082954586
513,0.10432106
514,0.06035769
515,0.076536655
522,0.0074056983
524,0.010031939
528,0.8652536
530,0.008567452
533,0.9695695
536,0.96917033
538,0.18867958
539,0.007723272
541,0.016731799
542,0.009613872
544,0.97358453
548,0.1193555
549,0.97222173
550,0.029582202
553,0.9820638
554,0.009417415
555,0.05962199
556,0.55647194
557,0.9525403
558,0.2775734
559,0.11536443
560,0.96819085
561,0.97373444
562,0.7515699
564,0.007567644
565,0.9915046
566,0.089921355
567,0.97777313
570,0.047750235
572,0.08707464
574,0.6202678
575,0.97730446
576,0.08342749
578,0.010702491
579,0.12507242
580,0.9782804
581,0.011764288
582,0.9725181
585,0.009885192
586,0.33252
589,0.027391434
591,0.094147205
592,0.14720106
593,0.036253035
598,0.30042046
599,0.0072323084
602,0.19807714
604,0.011213243
605,0.8381067
607,0.71946156
610,0.086073875
614,0.041142583
615,0.03734106
617,0.04911828
622,0.9481492
623,0.008712947
630,0.010621369
631,0.016845107
632,0.65596116
634,0.012038171
636,0.22432321
640,0.9684584
641,0.8798302
642,0.9045023
644,0.9644031
645,0.98960537
647,0.007864714
648,0.066209495
649,0.006370604
650,0.026433766
653,0.06249827
655,0.0073632
656,0.008802235
657,0.33054
660,0.15284413
661,0.02168554
662,0.0094230175
663,0.82408905
666,0.09596133
667,0.014433622
669,0.8400141
671,0.012596846
673,0.811812
674,0.23285598
675,0.12892187
676,0.972006
678,0.96673787
681,0.009676337
682,0.010102034
684,0.011820316
688,0.011456847
689,0.9874526
690,0.021951199
691,0.15318877
693,0.04592675
695,0.12379712
696,0.008108616
698,0.2619428
702,0.9713815
703,0.045545816
704,0.0052931905
705,0.009285808
706,0.7060478
709,0.041344464
710,0.36890328
711,0.9797932
712,0.0096946955
714,0.09507966
715,0.016756594
716,0.0075020194
717,0.05089754
718,0.01398772
719,0.039550304
720,0.0050867796
722,0.009823978
723,0.11330259
728,0.06455916
733,0.07816666
735,0.007966459
736,0.16510355
739,0.043360293
742,0.07286316
743,0.8580011
747,0.0222435
748,0.91073865
749,0.7158971
750,0.07422799
751,0.0071644187
754,0.009466052
755,0.008950949
757,0.9897423
758,0.96898323
759,0.19592202
760,0.007219374
761,0.017765105
764,0.16719198
767,0.008030951
770,0.026726663
771,0.012055159
775,0.9649967
776,0.007309258
777,0.29775906
778,0.02547872
780,0.011143506
781,0.073854625
782,0.01774329
783,0.14861846
785,0.01470679
787,0.044629037
789,0.94588035
792,0.9713741
793,0.9613664
794,0.9687088
795,0.9669244
796,0.07642746
799,0.06730193
803,0.030595958
804,0.008221865
807,0.019496799
808,0.02323401
809,0.9739496
810,0.8864495
812,0.15155411
813,0.96494746
814,0.007060766
815,0.055639684
817,0.62501335
820,0.74938715
821,0.99045795
823,0.032404363
824,0.013409734
826,0.026121318
829,0.9251186
831,0.97189236
833,0.008478999
834,0.011181176
835,0.96603775
837,0.6850796
838,0.99243414
839,0.006710708
840,0.008727968
843,0.008677483
845,0.05436492
846,0.005133271
847,0.03999263
848,0.05573398
849,0.008261144
851,0.0092737675
854,0.019591928
855,0.23797977
858,0.14711523
860,0.45947582
861,0.022014499
863,0.16126692
864,0.0079392195
865,0.01873374
867,0.05253297
869,0.008700669
870,0.015076637
873,0.010699213
875,0.85072565
878,0.015755475
880,0.0077567697
882,0.97847646
884,0.97220814
886,0.9906883
891,0.8796616
895,0.96920675
901,0.9624946
903,0.9656228
904,0.09924555
909,0.9543508
911,0.7206372
912,0.008354366
916,0.9768893
917,0.96045417
921,0.008970618
924,0.012354672
926,0.954988
927,0.9811286
928,0.043128967
929,0.008468211
930,0.013941705
933,0.056745946
934,0.04415202
940,0.013385475
941,0.010317385
942,0.010540724
944,0.96551526
945,0.008760393
946,0.9918378
947,0.9934155
949,0.9829101
951,0.15481436
952,0.9890578
957,0.12031382
961,0.8366624
963,0.97524065
965,0.96741384
966,0.85537195
968,0.13057971
969,0.042111695
971,0.009932399
973,0.92401046
974,0.9677385
976,0.27041215
977,0.008098781
980,0.9904281
981,0.01818955
985,0.05142814
987,0.010403097
988,0.007893205
990,0.017294943
993,0.928319
994,0.9774789
995,0.011926472
996,0.097230315
998,0.96406615
1004,0.030687153
1006,0.9734704
1009,0.008302331
1012,0.95177156
1014,0.9764624
1015,0.024486184
1019,0.055171788
1020,0.020124793
1021,0.96929646
1022,0.08904457
1024,0.02864343
1028,0.9654165
1030,0.08323187
1032,0.023979962
1033,0.9679361
1035,0.018818676
1036,0.16062129
1039,0.9793118
1041,0.7254425
1042,0.53405404
1045,0.9711806
1046,0.052271783
1050,0.010727286
1051,0.028534234
1052,0.017687142
1054,0.962362
1056,0.90456253
1057,0.9709654
1058,0.010039449
1061,0.24719101
1062,0.009206235
1063,0.008845329
1064,0.9730083
1067,0.97959405
1071,0.9544261
1073,0.016842425
1074,0.016760051
1075,0.08208555
1076,0.42782432
1077,0.04273063
1078,0.97073483
1079,0.76241475
1082,0.010800362
1083,0.040408373
1085,0.11258453
1086,0.022665203
1091,0.0059167743
1092,0.9894832
1093,0.05166018
1096,0.868162
1097,0.93646663
1098,0.96572506
1099,0.9713001
1104,0.06473416
1105,0.012330055
1106,0.9717441
1110,0.008122802
1111,0.011156559
1112,0.11883646
1113,0.053145826
1114,0.025295258
1115,0.009323835
1118,0.019655168
1120,0.008308649
1123,0.9756842
1125,0.15380788
1126,0.04108101
1128,0.08037335
1129,0.33388323
1131,0.009143949
1132,0.046937346
1137,0.21053797
1138,0.00731349
1140,0.09558433
1142,0.847389
1143,0.006800711
1144,0.045489013
1146,0.064741015
1150,0.006676972
1153,0.021563947
1155,0.97007126
1156,0.9714936
1157,0.96315545
1160,0.024468184
1161,0.01366806
1164,0.019667387
1165,0.17860043
1166,0.9540849
1168,0.09299272
1169,0.9768212
1173,0.009098113
1174,0.37479246
1178,0.9092516
1179,0.011861384
1181,0.9635391
1182,0.3338111
1184,0.98925376
1185,0.06907642
1186,0.9613483
1187,0.02844727
1188,0.0099333525
1189,0.016264379
1190,0.942126
1192,0.006962478
1195,0.061823785
1196,0.9450233
1197,0.03643632
1198,0.042980373
1200,0.0511629
1201,0.96786857
1202,0.0945434
1205,0.120075226
1209,0.039461017
1211,0.7107935
1212,0.96121526
1213,0.047604203
1214,0.97630966
1218,0.0087016225
1224,0.964208
1228,0.037049234
1230,0.027980268
1231,0.41973066
1232,0.9408783
1234,0.14022386
1236,0.9686595
1237,0.9490025
1238,0.9898422
1241,0.93383455
1242,0.96155226
1246,0.020709395
1248,0.029262602
1249,0.019851685
1252,0.008805394
1254,0.494901
1255,0.9777776
1256,0.006308317
1261,0.009571314
1264,0.053302526
1268,0.045990646
1275,0.04301077
1277,0.016949236
1279,0.96462256
1281,0.044609666
1282,0.0051398277
1284,0.043597102
1286,0.9341233
1287,0.051026344
1288,0.019312441
1290,0.080617785
1291,0.9872444
1292,0.100945055
1293,0.74709
1295,0.018822193
1296,0.013880849
1300,0.016988635
1302,0.97368455
1305,0.95719206
1310,0.82055426
1313,0.104958594
1317,0.072767675
1318,0.6867739
1323,0.052586854
1324,0.964671
1325,0.028746903
1328,0.8381117
1329,0.7171193
1330,0.28485972
1334,0.9861123
1335,0.97672564
1336,0.017444491
1339,0.048181057
1340,0.008321881
1341,0.052765846
1342,0.96597224
1345,0.62376785
1346,0.08894849
1347,0.03382027
1350,0.018701017
1351,0.059650064
1352,0.9715733
1353,0.012633443
1355,0.031281292
1356,0.007180035
1358,0.97034866
1360,0.96880436
1361,0.0076738596
1364,0.0066007376
1365,0.011967778
1366,0.89902115
1369,0.007332742
1371,0.018354177
1372,0.0066669583
1374,0.027914584
1375,0.017364144
1377,0.817047
1380,0.09729564
1381,0.1881175
1382,0.9727699
1383,0.96970695
1385,0.036368012
1386,0.28864586
1387,0.43605703
1389,0.9649608
1390,0.58545554
1391,0.9677527
1392,0.022164047
1394,0.061237514
1396,0.016606033
1397,0.007909536
1402,0.07206774
1403,0.972826
1407,0.9394985
1411,0.9666996
1412,0.97801507
1413,0.95272034
1414,0.08166361
1416,0.83248335
1418,0.6700182
1423,0.86808264
1424,0.11543554
1425,0.9403994
1426,0.03923613
1427,0.19487506
1428,0.048692703
1431,0.014620125
1432,0.02798599
1433,0.009683669
1434,0.05244142
1435,0.9553771
1442,0.17699319
1443,0.058706284
1446,0.031758964
1449,0.016675472
1451,0.9610493
1453,0.16583407
1455,0.06804699
1456,0.12177241
1459,0.9625807
1460,0.07326293
1462,0.053555846
1464,0.72926676
1465,0.021594048
1466,0.012829602
1467,0.077490985
1468,0.00693053
1469,0.96931946
1470,0.008980691
1471,0.2650748
1472,0.06377047
1473,0.9658046
1474,0.009768546
1476,0.21784973
1477,0.022614121
1478,0.9094677
1480,0.060575485
1481,0.013647556
1482,0.9718644
1484,0.9754114
1486,0.006954491
1488,0.10245204
1489,0.04208666
1493,0.98756486
1495,0.006986439
1496,0.0066317916
1497,0.041145146
1498,0.0076977015
1501,0.059554517
1503,0.98285747
1504,0.949255
1505,0.3099423
1506,0.932748
1509,0.014944196
1510,0.9697402
1512,0.06794447
1513,0.026098728
1514,0.008247197
1517,0.064608455
1518,0.113948286
1520,0.14384162
1524,0.032708287
1526,0.025491178
1528,0.9651695
1529,0.010063052
1531,0.008461416
1532,0.013338268
1534,0.4707994
1536,0.97191584
1537,0.0070528984
1540,0.013910651
1541,0.95335084
1542,0.08877945
1545,0.011495769
1546,0.006634295
1547,0.8425174
1548,0.06105107
1550,0.031772375
1551,0.6823412
1552,0.00970906
1554,0.01681894
1555,0.21013784
1556,0.052672684
1557,0.97053266
1559,0.98498535
1561,0.0053289533
1562,0.29590183
1563,0.035921752
1567,0.06483781
1569,0.009347796
1570,0.010393083
1571,0.010245502
1574,0.96560174
1578,0.25567156
1580,0.08246982
1581,0.9629966
1583,0.8459529
1584,0.9878206
1585,0.9638168
1586,0.0119047165
1588,0.45962924
1589,0.9816115
1590,0.02933067
1591,0.018910587
1592,0.25689077
1593,0.9631579
1596,0.037201107
1602,0.006904185
1604,0.006166458
1607,0.0098211765
1610,0.95196855
1612,0.024137557
1613,0.26473534
1619,0.07329744
1622,0.041523516
1626,0.12641096
1628,0.036858857
1630,0.95661736
1631,0.9577045
1632,0.01516974
1633,0.97036445
1634,0.21936488
1642,0.019278646
1645,0.8535174
1647,0.0138062835
1648,0.028060138
1650,0.92811763
1651,0.96572804
1652,0.9652163
1655,0.023557127
1656,0.18019497
1657,0.009433687
1658,0.0075525045
1659,0.96979886
1660,0.01793909
1661,0.931739
1662,0.07196641
1663,0.006946385
1664,0.018013954
1666,0.06275749
1667,0.10914582
1669,0.9723068
1671,0.0173378
1672,0.009564996
1675,0.9878978
1676,0.13308263
1678,0.014057577
1682,0.02710706
1685,0.018322825
1688,0.038717568
1689,0.023040056
1690,0.009739459
1693,0.028158903
1695,0.07503587
1696,0.02686745
1698,0.007684827
1699,0.13338614
1702,0.059869587
1704,0.96956944
1705,0.96605337
1707,0.017783403
1708,0.06608254
1709,0.046653748
1710,0.99194103
1711,0.97150284
1714,0.9689277
1715,0.10315341
1716,0.9428788
1720,0.011936843
1722,0.007152736
1723,0.01853156
1724,0.051910043
1725,0.7046764
1727,0.14199972
1729,0.016563296
1730,0.009023488
1732,0.053529263
1734,0.02800548
1735,0.9650117
1737,0.9908911
1739,0.34260952
1741,0.078654766
1742,0.018481016
1746,0.15024489
1747,0.9630227
1750,0.96870494
1753,0.047302425
1755,0.9708936
1758,0.010192573
1760,0.008683801
1761,0.9658273
1763,0.032787025
1764,0.094982624
1767,0.02328211
1769,0.07283151
1773,0.007897913
1775,0.01298672
1776,0.010818422
1777,0.117067695
1781,0.97309846
1782,0.96767676
1783,0.027764559
1786,0.015949667
1792,0.02060455
1796,0.9696868
1798,0.014074981
1799,0.07387161
1800,0.98644185
1802,0.97308636
1803,0.98642385
1804,0.0065026283
1805,0.9864891
1806,0.09027052
1807,0.40045363
1808,0.00783807
1810,0.017623782
1813,0.039423585
1814,0.019949138
1815,0.28259706
1816,0.012828648
1817,0.0288831
1818,0.011863947
1820,0.0133315325
1821,0.9143268
1823,0.017195582
1826,0.9874444
1828,0.022490323
1832,0.99181384
1834,0.058638394
1836,0.955508
1839,0.08277047
1844,0.97310525
1845,0.06749052
1846,0.021596909
1852,0.017560005
1855,0.14257431
1858,0.026780844
1859,0.8224308
1862,0.51332605
1863,0.20065272
1865,0.97025687
1866,0.23786473
1867,0.9852034
1871,0.010743618
1872,0.01618743
1879,0.9743029
1880,0.95726246
1882,0.058786333
1883,0.011256576
1884,0.032607675
1886,0.49841464
1887,0.010904491
1888,0.49051332
1889,0.036587358
1891,0.8899554
1893,0.96701306
1894,0.96548
1895,0.004432261
1899,0.008673489
1900,0.02919954
1902,0.98197657
1904,0.97338307
1906,0.42333454
1907,0.009705901
1909,0.0046254992
1911,0.012229085
1919,0.9681149
1921,0.14581919
1922,0.97695726
1923,0.9646287
1925,0.09035003
1926,0.9510305
1928,0.021077275
1929,0.085422635
1930,0.07352692
1931,0.02187848
1933,0.0063649416
1934,0.9903137
1935,0.91483855
1936,0.017891407
1939,0.92111516
1942,0.059568167
1944,0.9872884
1946,0.009154379
1953,0.95593536
1955,0.073345125
1958,0.9787454
1960,0.969959
1966,0.9762959
1967,0.023695767
1969,0.097037256
1974,0.017472088
1976,0.943238
1978,0.011301696
1981,0.9758905
1983,0.2748599
1984,0.06053585
1988,0.8722985
1996,0.0125434995
1998,0.061412513
2006,0.9226522
2008,0.13312346
2009,0.015579641
2010,0.0077205896
2015,0.008114696
2017,0.102889836
2018,0.079153776
2019,0.08413112
2020,0.94498163
2021,0.23432845
2023,0.9651768
2025,0.009962082
2028,0.018264115
2029,0.039540708
2031,0.01111567
2032,0.034712613
2034,0.034107506
2036,0.105876744
2037,0.044413447
2039,0.063043535
2041,0.010678053
2044,0.9642838
2045,0.010866344
2047,0.007745385
2049,0.98208636
2050,0.04124242
2054,0.96962595
2056,0.12643546
2058,0.01377815
2060,0.94370234
2062,0.9315273
2064,0.42972064
2066,0.8642288
2068,0.006752372
2069,0.060817838
2071,0.0912658
2072,0.96900314
2074,0.97549844
2077,0.008714974
2079,0.011209011
2085,0.16561627
2088,0.9887178
2090,0.010363042
2094,0.30320287
2095,0.008397758
2096,0.93262386
2097,0.9702286
2098,0.0070352554
2100,0.5331583
2102,0.9511164
2106,0.10577953
2108,0.006338358
2109,0.022101045
2112,0.088737845
2114,0.9828449
2116,0.13616675
2117,0.9759726
2118,0.028820217
2120,0.9747045
2124,0.9728656
2125,0.0121786
2128,0.979262
2129,0.95493877
2131,0.015185773
2132,0.9497844
2134,0.62165064
2135,0.008125007
2136,0.025083005
2137,0.46438485
2141,0.98514956
2143,0.96611494
2144,0.48082447
2148,0.025951922
2151,0.97000897
2157,0.054915905
2161,0.12698913
2163,0.06215805
2165,0.92017317
2166,0.9721016
2167,0.961888
2168,0.8940114
2170,0.34171528
2171,0.008313239
2174,0.92988545
2176,0.009590149
2181,0.97290707
2182,0.96453166
2183,0.009831548
2186,0.03147894
2192,0.013915479
2193,0.26648152
2194,0.74499637
2196,0.021648586
2197,0.013882935
2205,0.97391343
2208,0.31793344
2210,0.008934915
2211,0.9601765
2212,0.4669158
2215,0.9543715
2221,0.9694969
2222,0.412089
2223,0.19022888
2225,0.082838774
2226,0.022377849
2229,0.009124517
2231,0.008855641
2233,0.222332
2234,0.01222676
2235,0.9537059
2236,0.07270002
2237,0.015132487
2238,0.006472647
2239,0.25409698
2241,0.97092384
2249,0.6157974
2250,0.95649445
2251,0.1364783
2254,0.9728163
2255,0.009306967
2256,0.96895045
2257,0.01927197
2259,0.09903884
2260,0.9552281
2261,0.071430266
2262,0.015004694
2263,0.9759727
2265,0.00737983
2270,0.021944404
2271,0.009626269
2272,0.0065781474
2273,0.96882915
2274,0.75866055
2279,0.56679773
2280,0.028072834
2281,0.03701371
2282,0.013468206
2285,0.9704578
2287,0.25930434
2292,0.063418865
2294,0.023417532
2295,0.04297775
2296,0.055574656
2297,0.020269513
2298,0.9666994
2299,0.97550374
2300,0.95365864
2304,0.2957374
2305,0.34800744
2308,0.083411396
2310,0.008861363
2311,0.9695918
2313,0.020348728
2314,0.95799637
2315,0.9216902
2316,0.033546805
2317,0.029595733
2318,0.9665085
2319,0.97639537
2321,0.611073
2324,0.08130157
2331,0.0165506
2333,0.0113174915
2336,0.017599463
2340,0.27483267
2341,0.02098167
2343,0.023218215
2344,0.9645011
2345,0.9663049
2346,0.9766253
2352,0.94631124
2353,0.0122256875
2354,0.0067102313
2357,0.11724585
2358,0.6598804
2361,0.04881847
2366,0.012633085
2367,0.9791447
2369,0.9496975
2370,0.0064148307
2371,0.9508433
2372,0.9802067
2373,0.95951194
2376,0.00813663
2378,0.9684352
2379,0.049218833
2380,0.017546296
2381,0.011681199
2384,0.02678579
2387,0.008590519
2390,0.09586662
2392,0.87802273
2394,0.9707171
2396,0.0111121535
2397,0.9173225
2398,0.9743744
2399,0.008883953
2400,0.9613238
2405,0.011222541
2408,0.037638128
2411,0.074370325
2416,0.63782305
2417,0.0087067485
2418,0.03932208
2421,0.0073378086
2423,0.07853693
2424,0.051861584
2426,0.02515632
2428,0.9888311
2429,0.013600349
2430,0.05436009
2431,0.060153246
2432,0.07149142
2434,0.9705395
2436,0.013380706
2438,0.78207976
2439,0.06624907
2442,0.96201134
2443,0.1904887
2445,0.09077954
2446,0.034392178
2448,0.03054744
2449,0.0059555173
2450,0.9228871
2451,0.9679328
2453,0.009492397
2455,0.9673293
2456,0.0076939464
2459,0.015219688
2460,0.02788657
2461,0.1602329
2466,0.01021266
2467,0.96436536
2468,0.12954003
2470,0.97186166
2474,0.989576
2475,0.062728524
2479,0.006646514
2486,0.95702595
2489,0.20492071
2490,0.05275464
2491,0.5248422
2492,0.010543168
2494,0.17850417
2497,0.015607357
2499,0.01624322
2500,0.8406973
2502,0.9445632
2504,0.020282686
2505,0.8641231
2506,0.333395
2507,0.14388531
2509,0.08260673
2510,0.013855219
2512,0.018110394
2517,0.15367776
2518,0.96017534
2519,0.08705032
2520,0.0940668
2522,0.43802828
2523,0.97886384
2525,0.0075291395
2530,0.62884045
2532,0.96777004
2533,0.111996174
2535,0.01136142
2538,0.047762573
2539,0.04903716
2540,0.010233581
2549,0.9606998
2550,0.94802046
2555,0.0058292747
2556,0.042042673
2557,0.02186054
2558,0.026239812
2559,0.05334425
2561,0.8050924
2563,0.9716837
2564,0.7378754
2567,0.2223568
2568,0.008884072
2570,0.009489119
2573,0.07000232
2575,0.06610286
2578,0.01420635
2581,0.060707092
2582,0.13029474
2584,0.07774687
2588,0.098611474
2589,0.040189087
2590,0.96982044
2592,0.02299136
2594,0.009509802
2595,0.10640448
2599,0.9776857
2603,0.010858774
2605,0.020813584
2607,0.12132901
2609,0.9907899
2611,0.2086665
2613,0.045318067
2614,0.21779984
2617,0.007526636
2620,0.0061939955
2621,0.08661741
2622,0.06109923
2623,0.023276329
2632,0.014402449
2634,0.96424663
2639,0.008153439
2643,0.07947332
2644,0.9674101
2646,0.97003084
2648,0.99240005
2650,0.24254078
2657,0.010356307
2658,0.016583562
2659,0.9650946
2660,0.10171205
2661,0.9640227
2664,0.9909198
2671,0.045012772
2672,0.33331013
2673,0.5777612
2674,0.063580394
2677,0.96623564
2679,0.017924488
2680,0.026594937
2681,0.8941421
2682,0.14887697
2683,0.006028354
2687,0.013359845
2688,0.18569392
2689,0.97268564
2692,0.0069139004
2693,0.006835401
2695,0.07834327
2697,0.6255971
2699,0.06919867
2700,0.009674549
2701,0.015202224
2704,0.125341
2705,0.98740876
2708,0.07392651
2711,0.9696284
2713,0.0077161193
2715,0.023808718
2717,0.00915122
2718,0.9705403
2719,0.9625527
2721,0.050199687
2723,0.017363787
2724,0.03672421
2725,0.02826345
2727,0.97565174
2730,0.9669607
2731,0.006644368
2735,0.9802649
2738,0.025784075
2740,0.0059034824
2741,0.10091895
2744,0.009468317
2745,0.035214067
2746,0.03665507
2749,0.016840696
2750,0.01738429
2753,0.05617076
2759,0.06506938
2760,0.010987759
2761,0.9662773
2764,0.025470555
2766,0.1335063
2767,0.038428426
2775,0.014867544
2778,0.0090408325
2780,0.99339616
2783,0.11856192
2784,0.06283218
2785,0.97036284
2787,0.07153654
2788,0.96807885
2789,0.010914147
2790,0.012485027
2791,0.03322053
2792,0.15746593
2794,0.0070340633
2795,0.7717844
2796,0.96341115
2797,0.9767628
2798,0.1407389
2799,0.08310503
2810,0.67682195
2812,0.01482439
2815,0.04246652
2819,0.06526512
2825,0.02110982
2827,0.9719699
2828,0.027218163
2829,0.026415765
2832,0.04770142
2834,0.040884554
2836,0.96521753
2837,0.09691197
2838,0.0062957406
2839,0.004955411
2840,0.007580459
2841,0.03651923
2843,0.007911205
2844,0.032381833
2845,0.009085298
2849,0.018096685
2851,0.0620234
2854,0.007950008
2855,0.96113527
2857,0.936348
2858,0.9873852
2861,0.007708013
2862,0.24003601
2863,0.9736472
2864,0.027765453
2865,0.2750495
2866,0.9575044
2867,0.18025655
2869,0.026242197
2870,0.02969104
2871,0.9673355
2872,0.9824644
2874,0.011990011
2875,0.012172997
2876,0.023794174
2877,0.035515726
2878,0.017790794
2879,0.9560776
2880,0.9567932
2882,0.007672131
2884,0.030426979
2886,0.006489575
2887,0.009984076
2890,0.019263387
2891,0.5011331
2894,0.018594146
2895,0.32173073
2897,0.055052042
2902,0.12932616
2904,0.9626748
2907,0.9614305
2908,0.9659902
2909,0.023045063
2910,0.015263259
2913,0.25515735
2914,0.06764829
2917,0.061778665
2918,0.117872715
2920,0.007503271
2921,0.9447361
2925,0.95891815
2926,0.049049973
2928,0.4136247
2929,0.052136958
2930,0.3291226
2931,0.009343803
2933,0.70962346
2934,0.9320236
2935,0.21269906
2937,0.101383924
2940,0.9909233
2941,0.97964644
2943,0.9643214
2944,0.528471
2945,0.01117754
2947,0.029509962
2948,0.04660046
2950,0.9679949
2951,0.18277234
2952,0.01531744
2954,0.9683596
2957,0.17949748
2958,0.0063835382
2961,0.07992107
2964,0.018372238
2966,0.9488828
2968,0.00566864
2973,0.025669575
2975,0.0072855353
2977,0.031642854
2979,0.07529402
2981,0.9683183
2983,0.011623859
2986,0.95910615
2988,0.8352692
2989,0.09478611
2990,0.016000569
2992,0.0076792836
2995,0.035458446
2996,0.42172384
2997,0.009207308
3000,0.01338315
3002,0.006447673
3003,0.09791225
3004,0.96686107
3008,0.076721966
3011,0.91197336
3013,0.010756254
3016,0.045591652
3019,0.045108736
3023,0.97574556
3024,0.16951406
3026,0.8355727
3028,0.008748889
3030,0.5985454
3031,0.9684794
3036,0.03919506
3038,0.08254093
3042,0.12155056
3043,0.9671041
3044,0.13505638
3046,0.9725306
3047,0.9905538
3049,0.93734044
3051,0.94059056
3056,0.009939313
3057,0.007193446
3059,0.31145126
3063,0.2965595
3064,0.09836483
3066,0.015498877
3067,0.9640337
3069,0.013915837
3071,0.013157904
3072,0.9923818
3073,0.9689285
3074,0.0074605346
3078,0.10593623
3079,0.9719389
3080,0.008716822
3082,0.9888961
3084,0.06480849
3085,0.09235436
3086,0.1378457
3088,0.19283032
3092,0.08496231
3095,0.9709697
3098,0.06730598
3099,0.012074709
3100,0.9869069
3101,0.9763494
3102,0.8722164
3103,0.059913218
3104,0.96481663
3105,0.0825609
3106,0.099609375
3108,0.23941875
3109,0.13323867
3111,0.022043824
3113,0.03396505
3116,0.018933296
3117,0.042242527
3119,0.630443
3120,0.008861005
3121,0.965592
3122,0.012820184
3123,0.25927675
3126,0.06375849
3128,0.012718499
3130,0.9658533
3132,0.019757926
3134,0.07173544
3137,0.010534525
3139,0.011227548
3140,0.9765951
3142,0.95326793
3143,0.009733856
3144,0.98661906
3145,0.19370407
3146,0.9839395
3147,0.017753184
3149,0.008397281
3150,0.007956326
3152,0.9705862
3154,0.2583121
3155,0.12652749
3157,0.87747127
3158,0.9239944
3159,0.2569037
3161,0.6744292
3162,0.008522451
3163,0.9864056
3165,0.04587269
3167,0.0056983232
3169,0.97119164
3170,0.023738623
3173,0.9610776
3174,0.06206137
3175,0.011787832
3176,0.042376697
3178,0.0364455
3179,0.021756291
3180,0.24510348
3181,0.01011771
3183,0.93977106
3184,0.04731983
3187,0.09935641
3189,0.11534357
3190,0.9829003
3191,0.94019693
3194,0.01493603
3195,0.023151338
3196,0.010780394
3200,0.014929891
3203,0.2836427
3204,0.027746499
3207,0.0509755
3208,0.0057919025
3210,0.0140118
3211,0.97005844
3213,0.017927587
3216,0.8961396
3217,0.053552568
3218,0.9727257
3220,0.08131915
3222,0.010834277
3223,0.009110868
3224,0.97379965
3226,0.022547603
3227,0.9706676
3228,0.37152225
3230,0.124762416
3234,0.16003543
3236,0.06865901
3238,0.0305534
3243,0.88766587
3244,0.99006087
3245,0.13188177
3247,0.01707089
3249,0.04769522
3250,0.9043962
3251,0.94028276
3252,0.008737564
3255,0.9732454
3256,0.008136511
3257,0.007171333
3261,0.030673027
3263,0.9723788
3264,0.9686014
3267,0.007608354
3269,0.27961648
3272,0.97032213
3273,0.02920878
3275,0.014095247
3276,0.2523846
3279,0.020111918
3280,0.06098205
3281,0.006754577
3282,0.071561515
3283,0.012590587
3284,0.01691264
3287,0.713346
3288,0.3053205
3289,0.3006699
3290,0.013593137
3291,0.7213961
3296,0.0154054165
3299,0.9767008
3300,0.08911121
3302,0.066939354
3305,0.045705855
3306,0.09762955
3309,0.060388744
3311,0.9626872
3312,0.9582963
3314,0.9606093
3319,0.01047653
3322,0.9540658
3323,0.0082217455
3324,0.9581214
3327,0.03256339
3331,0.56869227
3334,0.9817767
3335,0.31638074
3337,0.1347692
3342,0.012750328
3344,0.09413284
3347,0.97140574
3348,0.007858753
3349,0.9393483
3350,0.027542055
3354,0.43518138
3355,0.041193902
3356,0.9773637
3357,0.077074826
3358,0.0850749
3359,0.9715045
3360,0.9739694
3361,0.011906564
3363,0.011980832
3366,0.012235582
3367,0.9656823
3369,0.88208324
3370,0.056070805
3371,0.114394665
3374,0.9716446
3376,0.10057342
3377,0.010089576
3378,0.9652981
3379,0.30614865
3382,0.6622671
3383,0.96960354
3385,0.071640134
3387,0.01945436
3389,0.08109194
3390,0.9707402
3393,0.094132364
3396,0.4717871
3404,0.01628548
3406,0.976912
3407,0.9889921
3408,0.37597287
3409,0.02393514
3411,0.7958767
3412,0.01527679
3413,0.9685533
3414,0.008924127
3417,0.58236486
3418,0.986416
3419,0.9673494
3422,0.96364164
3424,0.8900103
3425,0.012761474
3428,0.027391553
3429,0.005486846
3431,0.9719702
3432,0.0067248344
3434,0.06676167
3435,0.9240343
3439,0.97018456
3442,0.02717936
3443,0.05754447
3444,0.50458723
3448,0.99134064
3449,0.864297
3450,0.1399371
3452,0.26726186
3453,0.9704746
3454,0.05202198
3455,0.08336502
3456,0.2515328
3458,0.93239987
3460,0.049651563
3463,0.34741712
3464,0.022627652
3465,0.988657
3466,0.01070559
3467,0.97370434
3472,0.036156237
3473,0.8014372
3476,0.5213456
3477,0.043406367
3478,0.017496705
3479,0.971278
3480,0.009574354
3487,0.025966763
3488,0.69918215
3489,0.008480489
3490,0.24785423
3495,0.06922096
3496,0.008836627
3498,0.0517841
3501,0.5767373
3503,0.14210308
3504,0.01695007
3505,0.01921755
3506,0.29426354
3509,0.008313239
3510,0.96910024
3511,0.074408114
3512,0.03231007
3516,0.5716038
3517,0.9480959
3521,0.97870445
3522,0.95520055
3524,0.9394666
3529,0.18511862
3530,0.045407236
3532,0.5040456
3534,0.29062998
3535,0.03503573
3536,0.9716365
3538,0.8673631
3539,0.011900842
3540,0.017653763
3542,0.97185314
3543,0.010358512
3544,0.9711613
3546,0.07371515
3551,0.2836665
3552,0.013240635
3553,0.9648474
3556,0.05663818
3558,0.018687129
3562,0.04526621
3563,0.97859377
3565,0.93108594
3566,0.060508907
3569,0.016145408
3570,0.92712796
3573,0.06284809
3574,0.02441448
3575,0.016086996
3578,0.9701729
3580,0.97743636
3581,0.984606
3582,0.028818905
3585,0.010094702
3586,0.0057787895
3587,0.10558188
3589,0.007596493
3591,0.008407593
3596,0.9687792
3598,0.013751686
3599,0.9262824
3601,0.1809156
3602,0.009911478
3603,0.052301645
3605,0.06535095
3606,0.022873342
3608,0.94805735
3611,0.093143344
3614,0.08433688
3616,0.042584658
3617,0.026315212
3620,0.9769679
3621,0.91143394
3622,0.029755116
3624,0.9327243
3625,0.08156812
3627,0.05381912
3628,0.015280008
3631,0.00860554
3634,0.98543847
3635,0.97222936
3637,0.09079188
3639,0.006449461
3640,0.98323005
3641,0.9376165
3642,0.007828593
3644,0.012286186
3648,0.00716722
3649,0.83313423
3650,0.9643061
3651,0.0513497
3652,0.9575478
3654,0.038399994
3655,0.9687861
3657,0.0314098
3658,0.09413314
3659,0.9759175
3662,0.0071482062
3663,0.11624235
3665,0.022774875
3667,0.038182378
3669,0.15577346
3671,0.030415475
3672,0.0135656595
3675,0.9657179
3678,0.2578643
3679,0.24767393
3680,0.890729
3681,0.9624465
3684,0.20892197
3685,0.2507323
3686,0.94060224
3691,0.0986923
3694,0.97248524
3695,0.9897723
3701,0.046206176
3702,0.9729257
3704,0.0045946836
3705,0.00735569
3707,0.92096233
3708,0.97365177
3711,0.024157882
3716,0.9559458
3717,0.25229657
3718,0.9848693
3721,0.011236966
3722,0.01775837
3723,0.971995
3725,0.09194958
3726,0.8980021
3730,0.11932409
3731,0.95452666
3732,0.39555383
3734,0.008030355
3736,0.10100192
3737,0.027332187
3740,0.94982904
3742,0.982236
3743,0.07719362
3744,0.012141466
3746,0.062750936
3747,0.9646723
3749,0.918239
3751,0.0061514974
3753,0.06517011
3757,0.80754787
3758,0.010619283
3763,0.010825396
3765,0.010776877
3767,0.43999213
3771,0.921723
3772,0.12729919
3776,0.008038461
3777,0.013818383
3778,0.04493195
3782,0.07722288
3784,0.067210436
3785,0.97417116
3786,0.030703962
3787,0.035048068
3790,0.012635291
3794,0.5207429
3797,0.98806334
3798,0.6497203
3800,0.0093740225
3801,0.038091898
3803,0.54232544
3804,0.97366405
3806,0.02340728
3810,0.019984543
3811,0.9665837
3812,0.93579376
3813,0.9594385
3814,0.025639892
3816,0.13705546
3818,0.9694363
3819,0.23796016
3820,0.0146663785
3821,0.025331438
3822,0.010053456
3823,0.20049196
3824,0.007514894
3830,0.9358599
3833,0.9745472
3835,0.0111554265
3837,0.96142733
3838,0.018901527
3840,0.9673147
3841,0.06658
3842,0.100926936
3843,0.008000255
3847,0.06353921
3848,0.009774864
3849,0.06712562
3850,0.9562557
3851,0.023178816
3853,0.010623336
3854,0.04056084
3856,0.017875612
3859,0.055073798
3860,0.9679404
3862,0.010938287
3863,0.008644521
3865,0.02761501
3870,0.06689203
3875,0.009814382
3877,0.97370213
3878,0.8925824
3880,0.9402944
3882,0.040026546
3883,0.9106481
3884,0.745903
3887,0.74644065
3890,0.022157788
3892,0.9859722
3893,0.020018637
3895,0.94405943
3896,0.013322115
3900,0.39519882
3902,0.9541856
3903,0.07323593
3906,0.96582
3908,0.21203858
3912,0.114806235
3913,0.019106865
3918,0.0610618
3919,0.074483454
3925,0.16383022
3929,0.9351167
3931,0.74072516
3932,0.06021577
3934,0.0314399
3936,0.9761918
3938,0.25820673
3939,0.9623998
3942,0.9689455
3943,0.028151989
3945,0.1411336
3946,0.0142403245
3947,0.00979799
3949,0.04621172
3952,0.01001209
3954,0.020772994
3955,0.16094387
3956,0.011959493
3957,0.96104795
3958,0.09243733
3963,0.659026
3966,0.9928707
3970,0.019906223
3972,0.5348239
3973,0.06438291
3974,0.07742351
3976,0.9870287
3978,0.011343718
3979,0.3785081
3980,0.012365162
3981,0.12752974
3982,0.018675625
3983,0.9840644
3984,0.97723633
3985,0.0130832195
3986,0.9690858
3987,0.05204785
3989,0.014513493
3990,0.007807553
3992,0.059066474
3993,0.012102544
3995,0.12805843
3996,0.61811554
4000,0.9526368
4002,0.97366
4004,0.25891876
4005,0.0133859515
4006,0.9324887
4007,0.012471855
4009,0.007488489
4012,0.011596501
4013,0.008052409
4014,0.965499
4015,0.53576994
4017,0.61761135
4019,0.022488832
4022,0.13476259
4024,0.041502655
4026,0.9795362
4028,0.12850368
4030,0.79713583
4035,0.9648754
4036,0.092715204
4037,0.43566084
4038,0.007851243
4041,0.78960574
4042,0.9689863
4043,0.040474236
4046,0.18602085
4048,0.008307695
4050,0.06764239
4052,0.00948596
4053,0.011839747
4055,0.9749761
4057,0.68007004
4060,0.059156656
4062,0.08567053
4063,0.11243504
4066,0.96219623
4070,0.9151461
4072,0.9348321
4075,0.062683344
4076,0.12016994
4077,0.009530187
4079,0.9683592
4080,0.7560676
4081,0.004715979
4086,0.059532106
4089,0.02087617
4091,0.056096077
4093,0.019819498
4094,0.009620547
4097,0.97162473
4101,0.04155147
4105,0.9740625
4106,0.9922241
4107,0.006772697
4110,0.8501525
4112,0.01702714
4113,0.01316452
4115,0.992121
4117,0.01358062
4122,0.9645562
4124,0.104162514
4125,0.0522902
4126,0.7121469
4127,0.9698362
4128,0.45836216
4132,0.047147036
4134,0.9878715
4135,0.9674929
4140,0.0090402365
4141,0.022643566
4142,0.01483649
4146,0.04572195
4147,0.9889792
4148,0.020258427
4151,0.92113376
4155,0.9683237
4156,0.90039074
4158,0.4295267
4159,0.009834945
4160,0.008464575
4161,0.053915024
4163,0.1334824
4165,0.03888005
4166,0.04446298
4168,0.009476364
4169,0.06540799
4170,0.03654456
4173,0.008600473
4174,0.21296895
4175,0.0061225295
4176,0.01709807
4180,0.10143483
4181,0.98823464
4183,0.009099126
4184,0.16132373
4185,0.018765152
4186,0.28919077
4188,0.8987678
4189,0.014237523
4191,0.139709
4197,0.1718958
4199,0.027976811
4200,0.011869192
4201,0.97030556
4202,0.017729342
4207,0.96559656
4209,0.021211028
4211,0.014328897
4212,0.012030363
4215,0.0076642632
4216,0.008870959
4217,0.9634326
4232,0.008891344
4234,0.009782791
4236,0.056283712
4237,0.96916234
4238,0.090254545
4239,0.94353527
4241,0.08006626
4242,0.102849185
4248,0.96992964
4253,0.6807412
4256,0.048298657
4257,0.0916118
4258,0.025425076
4259,0.9681783
4261,0.5355329
4262,0.0084478855
4263,0.97346675
4264,0.016133726
4265,0.09199399
4267,0.09102172
4268,0.8006513
4269,0.016962469
4273,0.97678727
4275,0.6955651
4277,0.011657059
4280,0.20294374
4283,0.011297107
4285,0.006382823
4286,0.010571063
4287,0.05570793
4288,0.009272814
4289,0.04788202
4296,0.73287225
4299,0.1276424
4301,0.9672534
4302,0.04977727
4304,0.44972444
4305,0.021452963
4306,0.9744902
4307,0.05482763
4308,0.012761176
4309,0.5109695
4310,0.008257329
4311,0.031704187
4313,0.98375773
4316,0.9611521
4317,0.018349946
4318,0.041386306
4321,0.058413327
4322,0.970592
4324,0.9210496
4328,0.008400798
4329,0.08186644
4330,0.0055081844
4333,0.5581255
4336,0.017071605
4341,0.9689427
4344,0.21597528
4345,0.11817938
4348,0.93577194
4354,0.6738947
4355,0.0351305
4356,0.016613781
4357,0.04628873
4362,0.019935071
4368,0.0675866
4371,0.95974827
4373,0.02226448
4374,0.9761044
4375,0.097577214
4376,0.10164446
4377,0.96632224
4379,0.8882656
4381,0.99235773
4384,0.019686878
4386,0.0073317885
4387,0.96997005
4389,0.9869617
4390,0.96901137
4392,0.17066419
4393,0.050811052
4396,0.8900138
4399,0.00878334
4400,0.971754
4401,0.72910917
4403,0.008839786
4405,0.09224081
4407,0.951151
4410,0.0077258945
4411,0.9540677
4413,0.13319898
4414,0.066827655
4415,0.04047382
4417,0.9715049
4418,0.05870515
4421,0.97472095
4423,0.13051343
4424,0.012068331
4425,0.0167225
4432,0.008756518
4437,0.96574044
4440,0.9796521
4441,0.100881994
4442,0.04643917
4443,0.01043874
4448,0.09255636
4449,0.009979248
4450,0.12629205
4453,0.51884353
4454,0.099084616
4458,0.046392918
4461,0.012586117
4462,0.9592184
4463,0.005718708
4465,0.09772295
4466,0.05347854
4471,0.97865564
4472,0.97364247
4475,0.9908044
4477,0.008725703
4479,0.9046
4480,0.11993253
4483,0.18259805
4484,0.010930836
4486,0.9434897
4487,0.030102432
4488,0.9715319
4491,0.9757475
4492,0.006664872
4494,0.0075698495
4497,0.053095102
4499,0.9597633
4500,0.034971893
4502,0.07984781
4503,0.9619475
4504,0.10468376
4506,0.07655871
4509,0.07560235
4510,0.064198256
4513,0.03710848
4515,0.99162173
4516,0.9793321
4517,0.9259566
4518,0.9384015
4520,0.01302433
4521,0.010943115
4522,0.9767882
4523,0.9711035
4525,0.08113289
4526,0.9677645
4527,0.015940547
4531,0.062179208
4532,0.9447796
4534,0.446025
4535,0.013613701
4537,0.10174477
4539,0.009568751
4542,0.97478896
4543,0.009416223
4546,0.15312642
4547,0.047228098
4548,0.010996759
4549,0.33134556
4551,0.017155051
4552,0.98781866
4556,0.97530794
4557,0.19790983
4558,0.01026088
4560,0.024923444
4562,0.96239585
4563,0.095739245
4566,0.97086996
4567,0.97704077
4569,0.98944813
4570,0.09935737
4571,0.9654874
4574,0.060432196
4575,0.01609993
4576,0.023666441
4577,0.79969686
4579,0.23376268
4581,0.017322242
4583,0.9575776
4585,0.0077519417
4588,0.017090917
4592,0.8555869
4593,0.8849391
4594,0.021940827
4595,0.012901127
4598,0.51429987
4599,0.9607373
4600,0.03791517
4601,0.21972024
4602,0.148027
4603,0.9675965
4604,0.07329887
4606,0.95939726
4607,0.42170274
4608,0.08629763
4609,0.012601972
4610,0.069689095
4613,0.015225589
4614,0.007677734
4615,0.9622806
4617,0.021147072
4618,0.0060607195
4619,0.97222155
4622,0.9749646
4623,0.008995056
4624,0.94255763
4630,0.95565206
4635,0.007284224
4636,0.9899565
4637,0.95999146
4638,0.0133674145
4639,0.96131665
4640,0.99167764
4641,0.025482357
4642,0.99090284
4643,0.9757086
4644,0.019345045
4645,0.27789217
4650,0.96957165
4653,0.8107917
4654,0.07409698
4655,0.026262105
4657,0.006789148
4659,0.7692691
4660,0.94027346
4661,0.04709184
4663,0.08719039
4667,0.9010587
4669,0.47715926
4670,0.97966427
4671,0.03885293
4678,0.015415847
4680,0.43641317
4682,0.1970247
4683,0.968783
4686,0.19897199
4687,0.007455349
4688,0.95506746
4689,0.75349486
4690,0.046530664
4692,0.30271506
4693,0.09056407
4695,0.90055895
4697,0.12211758
4698,0.015944362
4699,0.0532369
4700,0.15142387
4701,0.844277
4702,0.12653804
4704,0.012693763
4705,0.7650949
4706,0.008219421
4707,0.0059966445
4708,0.011492848
4710,0.06554502
4712,0.009016752
4714,0.056853294
4715,0.97439736
4717,0.970225
4719,0.9704639
4720,0.009059429
4721,0.9339011
4728,0.012024581
4730,0.96867883
4731,0.96956027
4732,0.04595983
4733,0.010119557
4736,0.9886085
4738,0.9915247
4739,0.9605995
4741,0.26130027
4744,0.016480148
4745,0.050147414
4746,0.17798507
4747,0.006569326
4748,0.042051554
4750,0.05098933
4753,0.014529467
4755,0.1231581
4756,0.08440542
4759,0.011636555
4761,0.010660827
4763,0.02984041
4764,0.96396565
4766,0.94607615
4768,0.81317496
4771,0.99177957
4773,0.0067185163
4774,0.9727805
4776,0.05532074
4780,0.0068249106
4781,0.46845222
4782,0.97606456
4783,0.9690134
4784,0.09885341
4788,0.98743117
4794,0.977623
4795,0.039794147
4797,0.0124646425
4798,0.9614884
4799,0.009741306
4800,0.9886534
4801,0.9893842
4802,0.044960678
4803,0.03519112
4806,0.97998184
4807,0.9616316
4808,0.09641117
4809,0.0123589635
4811,0.93682545
4814,0.0128471255
4816,0.57328403
4821,0.03612137
4823,0.18245006
4825,0.006295264
4827,0.9817058
4828,0.96064216
4829,0.07140243
4830,0.007986367
4831,0.011389315
4832,0.95658815
4835,0.9632167
4836,0.21808797
4837,0.96742964
4839,0.96963227
4840,0.055063486
4842,0.014876187
4845,0.7625027
4846,0.9499076
4848,0.90005463
4850,0.46859312
4851,0.010033846
4852,0.9919167
4855,0.017136097
4856,0.97679657
4858,0.876827
4860,0.1381172
4862,0.019744158
4863,0.006587565
4867,0.97279674
4870,0.007110238
4871,0.049249113
4872,0.06717312
4875,0.16384709
4879,0.7604235
4880,0.8649891
4882,0.0110737085
4884,0.0184955
4888,0.018388689
4891,0.8858156
4892,0.01153034
4894,0.97775036
4897,0.015261292
4899,0.8416214
4900,0.97771955
4903,0.00799036
4904,0.0326463
4907,0.0095644
4908,0.9815159
4910,0.9760948
4912,0.027310431
4913,0.009445369
4914,0.008320034
4915,0.937751
4917,0.009855151
4919,0.95505637
4920,0.044037223
4921,0.26094568
4924,0.06490803
4927,0.894402
4929,0.13880336
4930,0.0093714595
4932,0.959315
4933,0.1477384
4936,0.97479975
4937,0.9819538
4938,0.2004922
4939,0.96340364
4941,0.038706124
4942,0.011239111
4944,0.007120669
4946,0.006786227
4947,0.72324634
4949,0.010159552
4950,0.011612833
4953,0.010251701
4954,0.95405203
4956,0.0794543
4957,0.97110754
4961,0.015764117
4962,0.049708366
4963,0.8658823
4972,0.0054984093
4974,0.007408738
4978,0.9631545
4979,0.9596134
4983,0.0065488815
4984,0.016702414
4985,0.057945848
4988,0.08038938
4989,0.23745662
4990,0.72169614
4992,0.015754163
4996,0.3876714
4999,0.025494099
5002,0.011942029
5003,0.96159965
5005,0.007807195
5008,0.04499829
5009,0.9918929
5011,0.056527674
5012,0.018054068
5016,0.0058238506
5018,0.016055644
5019,0.96845114
5021,0.01746428
5022,0.860813
5024,0.87284553
5029,0.112577975
5031,0.0758968
5034,0.009698331
5036,0.9653477
5037,0.08014524
5039,0.01051414
5040,0.005453706
5041,0.97673726
5042,0.024589181
5043,0.034101427
5044,0.394059
5047,0.9719707
5050,0.95892584
5052,0.019541383
5053,0.20755929
5056,0.03340894
5057,0.95207864
5059,0.19063008
5061,0.041479826
5062,0.96778095
5064,0.0075864196
5065,0.07457709
5067,0.007798314
5072,0.042501926
5073,0.9707372
5076,0.09782839
5077,0.112311065
5078,0.01687473
5081,0.9911059
5082,0.010348022
5084,0.01077503
5085,0.053167105
5086,0.01089704
5088,0.07114363
5089,0.009060979
5091,0.95673656
5097,0.054744005
5098,0.19404566
5099,0.9507775
5101,0.029906511
5102,0.010077536
5103,0.014154911
5106,0.02346766
5108,0.5818217
5109,0.96377146
5110,0.023385227
5113,0.1120165
5115,0.12240714
5118,0.004951656
5119,0.0077548623
5123,0.011835456
5124,0.99193555
5127,0.9340233
5128,0.15073037
5129,0.029295504
5130,0.020290732
5132,0.10061163
5136,0.9740355
5138,0.11316514
5141,0.71616256
5144,0.1307199
5145,0.9892183
5148,0.024706006
5150,0.008180022
5154,0.008511543
5155,0.12235659
5156,0.034420192
5157,0.9590132
5160,0.013108909
5162,0.020457625
5164,0.9417173
5165,0.08298534
5166,0.014313042
5167,0.98697877
5172,0.11326265
5173,0.9672432
5174,0.040049493
5177,0.06815463
5178,0.9853851
5179,0.083492875
5183,0.009155929
5184,0.081658006
5185,0.95864797
5189,0.96114963
5190,0.97402537
5191,0.01252991
5192,0.04151404
5193,0.360107
5194,0.007864118
5197,0.97438043
5198,0.99070495
5199,0.95641303
5202,0.97521514
5203,0.14042366
5205,0.26535147
5208,0.04874307
5209,0.015338361
5213,0.012418628
5215,0.07038218
5217,0.009003758
5219,0.7837464
5224,0.011328578
5225,0.011456311
5226,0.96002805
5227,0.031022131
5228,0.008183181
5229,0.08760381
5233,0.96981514
5234,0.05351293
5235,0.08848935
5240,0.97017145
5242,0.07951248
5247,0.06060189
5248,0.9752117
5250,0.013470292
5252,0.099579155
5254,0.0060382485
5255,0.09259844
5258,0.24162918
5259,0.036929607
5260,0.5272572
5266,0.2663421
5268,0.097866535
5272,0.0398826
5275,0.008701146
5279,0.014877379
5281,0.101216376
5282,0.07928294
5283,0.022056341
5285,0.13515544
5288,0.9721017
5290,0.9712037
5294,0.028521419
5295,0.15235114
5296,0.01336205
5297,0.08146018
5298,0.18291485
5299,0.97090465
5300,0.007838309
5302,0.021268725
5304,0.95608956
5305,0.008154094
5306,0.09608227
5310,0.15886849
5311,0.010878146
5312,0.13970095
5313,0.97650045
5316,0.034258664
5317,0.9782829
5320,0.009144664
5321,0.9612721
5322,0.04084122
5323,0.012706757
5324,0.96058774
5325,0.090373755
5327,0.9739897
5330,0.91582656
5331,0.029145718
5332,0.19359279
5333,0.93704396
5334,0.9891815
5335,0.9663249
5339,0.5211475
5340,0.8216305
5342,0.008135378
5343,0.010338187
5345,0.95829123
5346,0.101409316
5347,0.69048494
5348,0.017774343
5350,0.96279
5351,0.9330679
5354,0.018282056
5357,0.8114769
5358,0.01003176
5359,0.7972346
5364,0.07028401
5365,0.0069488287
5366,0.010260224
5367,0.0461424
5368,0.8842695
5369,0.008032739
5371,0.0064179897
5372,0.11694074
5375,0.96538174
5377,0.9916816
5378,0.97097564
5379,0.22239017
5385,0.14244545
5386,0.014231861
5387,0.020465732
5389,0.9658098
5390,0.010853887
5393,0.96156365
5394,0.9550226
5396,0.32950336
5397,0.08676654
5401,0.96785134
5407,0.7866691
5408,0.35515904
5409,0.027613401
5410,0.9699848
5413,0.0075948834
5414,0.07769889
5415,0.84011286
5416,0.030286133
5417,0.9762682
5420,0.00838846
5421,0.012246668
5422,0.019967616
5423,0.9877944
5424,0.96429676
5426,0.084307194
5428,0.16882348
5429,0.014838815
5430,0.9694887
5431,0.27299738
5432,0.0553084
5433,0.064279914
5435,0.06295812
5436,0.0072029233
5437,0.93405306
5441,0.011771321
5443,0.1625132
5444,0.008582354
5446,0.9378029
5448,0.06211388
5451,0.020466447
5454,0.0110138655
5455,0.9798398
5456,0.054135203
5457,0.013964057
5459,0.46916986
5461,0.06229478
5469,0.96964085
5470,0.015830278
5471,0.8482609
5473,0.17391437
5479,0.9565368
5481,0.32125467
5483,0.010968983
5484,0.9716821
5489,0.9757627
5494,0.97927445
5495,0.12630033
5496,0.039336503
5497,0.075989306
5501,0.95893914
5502,0.08008152
5503,0.051975727
5504,0.16728812
5505,0.074456275
5506,0.11883545
5507,0.0065407753
5513,0.52447784
5514,0.023924768
5515,0.30594355
5518,0.014322758
5520,0.9848296
5521,0.081189334
5525,0.082167804
5528,0.043301046
5539,0.9731535
5542,0.694875
5543,0.3603931
5544,0.00972271
5545,0.019964397
5550,0.7990943
5551,0.9826604
5554,0.008699596
5555,0.945623
5556,0.058012486
5562,0.96906877
5563,0.05377853
5564,0.19443995
5565,0.18685627
5566,0.87273085
5568,0.9643374
5569,0.054849565
5571,0.96365505
5575,0.8286354
5578,0.9698739
5579,0.10670161
5580,0.0064558983
5582,0.0074402094
5584,0.03675753
5586,0.020001948
5588,0.53355885
5591,0.045181572
5593,0.010010242
5595,0.53045
5596,0.94844675
5599,0.9698096
5600,0.020161867
5601,0.011102617
5606,0.43318307
5607,0.9898788
5609,0.06702644
5612,0.11441809
5613,0.039622962
5614,0.03309965
5615,0.9722262
5618,0.9902336
5619,0.008086562
5620,0.009877622
5621,0.011638105
5624,0.9907188
5625,0.010620058
5626,0.07692391
5627,0.9734397
5628,0.01330775
5631,0.12771499
5632,0.008104026
5633,0.21562135
5637,0.9687134
5638,0.97389096
5639,0.030844033
5641,0.016208768
5644,0.30397654
5647,0.0554955
5649,0.0055406094
5652,0.9317972
5653,0.13494569
5654,0.011638701
5655,0.18687743
5656,0.008680761
5658,0.96276796
5659,0.07522583
5661,0.011574388
5662,0.3532042
5666,0.0075773597
5677,0.9703084
5680,0.021424472
5682,0.081000626
5683,0.0075052977
5686,0.08522344
5687,0.70010674
5688,0.009809494
5689,0.22672194
5690,0.96973705
5691,0.87419444
5695,0.01243782
5696,0.031452775
5697,0.004885435
5702,0.015746474
5703,0.8617189
5705,0.98287916
5706,0.8249428
5707,0.018662214
5713,0.008133829
5716,0.0102850795
5717,0.14754951
5719,0.043450534
5724,0.97871906
5725,0.96586967
5728,0.00709635
5729,0.9377574
5731,0.97128326
5734,0.90420425
5735,0.19090962
5736,0.044522166
5739,0.95280766
5741,0.68900657
5742,0.6137862
5744,0.021942794
5748,0.021382332
5749,0.92772996
5751,0.96646506
5752,0.26392037
5753,0.9620392
5756,0.9907454
5757,0.96792346
5759,0.094598114
5761,0.21458024
5764,0.007852972
5767,0.05402565
5770,0.051062346
5772,0.0122618675
5773,0.9641508
5775,0.99217665
5778,0.009967804
5779,0.01978606
5785,0.005517721
5786,0.9705725
5789,0.9545578
5790,0.039337814
5791,0.009918511
5794,0.012140334
5797,0.45706713
5799,0.009587228
5800,0.016910672
5801,0.9899953
5803,0.68034273
5804,0.037091434
5806,0.015196919
5808,0.068519294
5809,0.008441329
5810,0.024422646
5811,0.9712491
5812,0.0066305995
5818,0.03490883
5822,0.94341046
5825,0.033821404
5826,0.15309972
5827,0.023400605
5830,0.12998897
5831,0.23968887
5834,0.06223488
5836,0.98029643
5837,0.96022123
5838,0.95312464
5839,0.0062363744
5840,0.053239048
5845,0.00870508
5846,0.14208227
5847,0.008230925
5848,0.99129236
5850,0.8890876
5852,0.9752814
5854,0.5197998
5855,0.02165854
5856,0.07660699
5857,0.83076155
5858,0.03468293
5861,0.06452876
5862,0.03132087
5863,0.05825591
5869,0.00974822
5870,0.13048661
5871,0.96210814
5872,0.9736443
5874,0.20373833
5875,0.9711039
5877,0.7153065
5879,0.016404033
5880,0.09654671
5885,0.9743092
5887,0.010912418
5888,0.007436812
5889,0.021268487
5890,0.01064539
5891,0.12938589
5894,0.5163847
5895,0.3554951
5896,0.0059643984
5901,0.9573451
5903,0.007860124
5904,0.0073892474
5906,0.017322958
5907,0.017432153
5908,0.008343935
5909,0.015572846
5910,0.025531352
5911,0.11733991
5912,0.109276
5916,0.006572187
5919,0.019025385
5923,0.015891373
5925,0.16666055
5932,0.49853277
5933,0.19709212
5934,0.007017851
5936,0.01730913
5937,0.5671603
5939,0.011423647
5940,0.9695304
5941,0.96000296
5942,0.013908684
5943,0.030074537
5945,0.98255867
5946,0.016343236
5948,0.9264469
5950,0.052378595
5951,0.28736514
5954,0.9038347
5958,0.011882365
5959,0.00782609
5960,0.9546809
5964,0.03732705
5965,0.087943256
5966,0.08125657
5967,0.061950088
5968,0.93156016
5969,0.12334174
5970,0.008517981
5972,0.96474534
5974,0.020878375
5976,0.97518456
5978,0.5570718
5981,0.051278293
5988,0.008023322
5989,0.01849091
5990,0.81851506
5991,0.15643972
5993,0.9924961
5995,0.00788337
5996,0.96557367
5997,0.98829085
5999,0.008684814
6000,0.054718256
6002,0.3734179
6003,0.06434631
6005,0.015960395
6006,0.96813154
6007,0.013265252
6008,0.011203289
6009,0.9690775
6010,0.18139708
6011,0.978486
6012,0.009685814
6014,0.017612278
6015,0.021615744
6016,0.03415513
6017,0.9399673
6020,0.010337174
6021,0.044792533
6022,0.43095148
6025,0.99071
6026,0.050366998
6027,0.95041883
6031,0.014160037
6034,0.10173303
6038,0.020195842
6039,0.7664241
6040,0.98314506
6043,0.87534416
6044,0.9123988
6045,0.24720466
6046,0.08053917
6050,0.016679823
6052,0.9132124
6053,0.095505655
6054,0.011068463
6055,0.962647
6056,0.026650548
6058,0.5771816
6059,0.88208735
6060,0.024535418
6063,0.97922015
6064,0.056377232
6065,0.9696179
6066,0.968778
6067,0.009441614
6072,0.020515025
6077,0.17034161
6079,0.097451806
6081,0.047848046
6082,0.38611805
6086,0.9538235
6087,0.0729447
6089,0.015574932
6090,0.0103286505
6093,0.8752753
6094,0.011003494
6096,0.037572026
6098,0.96675557
6101,0.008895874
6103,0.96954906
6104,0.010290563
6106,0.047416568
6107,0.08294284
6109,0.16512316
6111,0.83566415
6115,0.01143086
6118,0.171996
6119,0.9727673
6121,0.9680602
6122,0.02396077
6125,0.0113633275
6127,0.009336233
6128,0.16391408
6129,0.09170258
6131,0.020585954
6132,0.9580007
6135,0.010080099
6140,0.014792085
6141,0.06541604
6142,0.97690684
6143,0.88732976
6144,0.007107973
6145,0.05998504
6146,0.9704087
6147,0.016409457
6149,0.00810957
6150,0.009708583
6151,0.016115308
6152,0.040699303
6153,0.09221107
6154,0.014786184
6156,0.9507505
6159,0.00878346
6160,0.011368811
6166,0.015172243
6167,0.012418032
6168,0.024101019
6170,0.6433248
6175,0.018699944
6177,0.010236025
6181,0.9744121
6184,0.9763402
6186,0.011325121
6187,0.01280576
6188,0.010612607
6191,0.9596454
6193,0.16719359
6195,0.042781115
6196,0.28046978
6197,0.014570594
6198,0.06355631
6199,0.9693213
6202,0.062396646
6204,0.014111221
6213,0.10905975
6214,0.12035537
6217,0.85148
6218,0.18393779
6220,0.0069921017
6224,0.058883727
6225,0.9778849
6226,0.027232945
6232,0.69073987
6233,0.014508486
6234,0.95767885
6235,0.013971925
6237,0.007481456
6238,0.019459784
6241,0.5409372
6243,0.9655961
6245,0.017307281
6247,0.0071516037
6248,0.21699047
6249,0.008659899
6250,0.9400371
6251,0.95101935
6253,0.896498
6254,0.010502577
6255,0.9690822
6256,0.019651711
6258,0.05581999
6261,0.687343
6262,0.01207912
6264,0.9888472
6265,0.9427684
6266,0.9615832
6267,0.97383857
6268,0.010197461
6269,0.35090536
6271,0.9677462
6275,0.13403815
6277,0.013122261
6279,0.35859936
6281,0.96115947
6282,0.02904135
6285,0.10597998
6286,0.09516662
6287,0.9308491
6288,0.09972817
6289,0.12624812
6293,0.009573996
6294,0.04326278
6295,0.058045268
6296,0.9637312
6298,0.9521118
6301,0.015890002
6304,0.010030925
6306,0.97773874
6307,0.069791615
6308,0.23178321
6309,0.09350085
6313,0.9532617
6315,0.010877192
6316,0.20199656
6318,0.015169978
6319,0.9597791
6322,0.08649868
6323,0.034901977
6324,0.47093368
6326,0.008353412
6330,0.97204745
6331,0.69771075
6336,0.971099
6337,0.069663405
6338,0.962879
6339,0.040558815
6340,0.08762932
6342,0.98847944
6343,0.81114596
6344,0.98035735
6345,0.9720035
6348,0.07867175
6349,0.007624209
6351,0.00946033
6353,0.97052586
6356,0.026674032
6359,0.010292649
6360,0.017457128
6364,0.6167246
6365,0.026358128
6366,0.017861366
6367,0.96657586
6368,0.0042899847
6369,0.034913063
6370,0.10588074
6371,0.04063642
6372,0.9779187
6373,0.0047826767
6374,0.9829868
6375,0.030084848
6376,0.91163975
6377,0.0141557455
6379,0.06384832
6381,0.9038404
6382,0.009528637
6384,0.07993853
6387,0.96952754
6391,0.2082861
6393,0.97224915
6394,0.9458005
6399,0.018400729
6400,0.017499387
6401,0.15590549
6403,0.9617106
6406,0.043841958
6407,0.013805807
6408,0.012994051
6409,0.9700603
6412,0.07883072
6413,0.064754784
6414,0.033997
6415,0.038231313
6416,0.027376175
6418,0.97046137
6419,0.98843825
6420,0.021065414
6423,0.022245467
6426,0.009079456
6429,0.011449277
6431,0.05911064
6434,0.011102974
6436,0.8884583
6438,0.009044945
6441,0.8404731
6442,0.95596397
6447,0.9208427
6450,0.52874434
6452,0.893919
6453,0.00759995
6454,0.01970315
6456,0.015001357
6457,0.08698958
6459,0.0715425
6460,0.032222748
6463,0.43266463
6464,0.12936306
6465,0.95910114
6466,0.025445879
6470,0.010628223
6471,0.80761284
6473,0.076001704
6474,0.0547179
6475,0.007702887
6476,0.00863421
6479,0.059194863
6480,0.9196154
6482,0.008610666
6483,0.9715196
6487,0.016631067
6488,0.9892317
6490,0.014348388
6491,0.9740721
6493,0.9755352
6494,0.7467633
6495,0.95161384
6496,0.04071045
6499,0.07278222
6500,0.961651
6505,0.03169012
6506,0.01585859
6508,0.022751391
6509,0.9660759
6511,0.009804785
6512,0.007106602
6514,0.018367171
6515,0.027565062
6517,0.008512974
6519,0.05515033
6520,0.019703805
6521,0.014704704
6522,0.01290518
6523,0.0148053765
6529,0.91052794
6532,0.011455357
6533,0.026616871
6534,0.96211004
6535,0.98986197
6536,0.056919456
6537,0.18359005
6541,0.29070824
6543,0.9771711
6544,0.886612
6545,0.025661051
6548,0.971349
6549,0.97248185
6550,0.20853132
6551,0.008070469
6555,0.101799905
6556,0.9737054
6557,0.15401655
6563,0.9747137
6564,0.013445497
6565,0.6000577
6567,0.107334316
6568,0.0731076
6569,0.19248307
6570,0.016275287
6571,0.011232674
6572,0.9778559
6573,0.025211573
6574,0.007985473
6580,0.8508707
6583,0.98704445
6584,0.02639103
6585,0.018360853
6589,0.024770737
6590,0.06317872
6592,0.12950766
6595,0.99056953
6596,0.050341606
6597,0.055859327
6598,0.15886933
6600,0.38821316
6601,0.090518296
6603,0.018557131
6604,0.02477187
6605,0.010167956
6607,0.089076996
6610,0.39895523
6612,0.9709472
6613,0.53573227
6614,0.028734863
6615,0.011031032
6616,0.033899605
6617,0.20106709
6618,0.0051903725
6620,0.0104858875
6621,0.9506121
6622,0.049915552
6623,0.0067408085
6629,0.05565554
6630,0.023555338
6632,0.97644675
6633,0.1144526
6634,0.9800364
6635,0.5994586
6640,0.97612286
6641,0.047861993
6643,0.74402547
6644,0.050850272
6645,0.007278383
6648,0.9614361
6649,0.03474462
6650,0.10544968
6651,0.035478234
6653,0.9555093
6654,0.010431349
6655,0.03000635
6657,0.010828435
6661,0.33456278
6662,0.011334538
6663,0.9636642
6664,0.092870235
6667,0.033213735
6669,0.013628542
6670,0.21821249
6671,0.07786286
6672,0.013120353
6675,0.9737364
6678,0.96851254
6679,0.0073951483
6681,0.03117156
6682,0.16282427
6683,0.8194679
6684,0.012450457
6685,0.017113268
6692,0.027168512
6694,0.9745393
6695,0.0071817636
6696,0.5090835
6698,0.035578907
6699,0.04728228
6701,0.97125715
6703,0.013623655
6704,0.9204028
6705,0.3104145
6706,0.86070156
6707,0.010428548
6710,0.9785879
6711,0.008407831
6713,0.9618458
6714,0.011588931
6716,0.98282003
6717,0.026341558
6721,0.009638667
6722,0.33737522
6724,0.04641241
6727,0.97261757
6729,0.014371991
6730,0.9915709
6731,0.108226895
6732,0.09691846
6742,0.01656121
6745,0.37469894
6748,0.97380006
6749,0.011602342
6750,0.94791925
6752,0.9288618
6753,0.007439077
6754,0.9708947
6757,0.4344871
6758,0.95914537
6759,0.011859059
6761,0.96901816
6762,0.09331423
6763,0.34261
6766,0.041062474
6770,0.0785082
6771,0.39794415
6774,0.013267815
6776,0.015667558
6777,0.973934
6778,0.026869118
6779,0.8508786
6782,0.08290213
6784,0.08909005
6785,0.0073414445
6786,0.011256576
6787,0.79386187
6788,0.012579501
6789,0.96578586
6790,0.0143508315
6792,0.023860753
6794,0.9760799
6795,0.9765911
6796,0.79042757
6799,0.9663404
6801,0.9605075
6802,0.00922519
6803,0.96520936
6805,0.0068314075
6807,0.91884845
6809,0.0073990226
6810,0.03610915
6812,0.007262528
6815,0.37746572
6817,0.07226843
6822,0.9701303
6825,0.95950204
6827,0.009129941
6831,0.2783841
6832,0.01035291
6835,0.011734843
6836,0.010942757
6837,0.9646653
6840,0.09002316
6841,0.9716964
6842,0.9673952
6845,0.08296329
6846,0.06354892
6849,0.1523028
6851,0.015197039
6853,0.9468977
6854,0.03918928
6855,0.019077599
6859,0.93655
6863,0.9700195
6864,0.036551774
6865,0.10821068
6866,0.012676001
6867,0.023853779
6868,0.97014606
6870,0.009756029
6871,0.9553402
6876,0.033228993
6878,0.014903367
6880,0.0073102117
6881,0.8271196
6885,0.19973904
6886,0.010218859
6887,0.012020946
6888,0.074252725
6891,0.9890178
6892,0.8994226
6893,0.9742813
6894,0.98841554
6897,0.97108126
6899,0.009751141
6901,0.92319876
6902,0.006762147
6903,0.96679026
6904,0.018760026
6905,0.94520193
6906,0.121062994
6907,0.04486084
6910,0.044812977
6911,0.077604175
6912,0.011212289
6914,0.97581327
6915,0.4543121
6916,0.040776968
6917,0.030028462
6919,0.013425887
6920,0.08597988
6921,0.9768544
6923,0.014939964
6925,0.10498822
6926,0.7746825
6928,0.88974166
6930,0.122099936
6931,0.022537887
6933,0.011510432
6934,0.055093765
6935,0.21772736
6936,0.3476435
6937,0.97005105
6938,0.93647975
6939,0.013405681
6940,0.011728227
6941,0.9442946
6942,0.018320203
6945,0.0119693875
6946,0.04787737
6948,0.034022212
6950,0.09475106
6952,0.36753905
6953,0.95075667
6954,0.9674797
6957,0.12994367
6960,0.66622156
6961,0.5603223
6962,0.93250686
6963,0.990017
6964,0.020174563
6966,0.040243447
6967,0.9878921
6968,0.9717656
6971,0.026560068
6973,0.853644
6976,0.04049343
6979,0.15263367
6981,0.05769992
6982,0.99061924
6983,0.170331
6984,0.115787864
6986,0.009426534
6987,0.9575062
6990,0.2653225
6992,0.9684447
6998,0.14230418
6999,0.96869206
7000,0.073513925
7001,0.96286213
7002,0.0070108175
7005,0.93669116
7006,0.3234734
7007,0.042648792
7010,0.008717179
7011,0.95054173
7012,0.03306687
7014,0.9861571
7017,0.040442288
7018,0.0321362
7021,0.8545676
7023,0.013932407
7024,0.014434636
7025,0.069705606
7026,0.089419425
7027,0.0060558915
7028,0.060178697
7030,0.012170672
7031,0.97360325
7032,0.9869024
7033,0.0096363425
7034,0.93655515
7035,0.013964891
7037,0.98743385
7038,0.091284335
7042,0.105140984
7043,0.016267478
7044,0.011572897
7045,0.9914266
7046,0.09043056
7048,0.07986039
7050,0.13260502
7051,0.030348897
7052,0.9089065
7053,0.018816352
7054,0.8979028
7056,0.008742034
7057,0.011672795
7059,0.011221945
7061,0.014222801
7063,0.97401446
7066,0.13837683
7067,0.63350487
7069,0.01971072
7070,0.010054529
7072,0.95705855
7073,0.0077205896
7074,0.9659855
7076,0.033091426
7079,0.10391837
7081,0.010215342
7082,0.97100973
7083,0.041819334
7084,0.015744805
7085,0.044737697
7086,0.0106951
7087,0.8640914
7088,0.0122974515
7090,0.0074781775
7091,0.018631756
7092,0.015462756
7097,0.9473894
7098,0.102413416
7099,0.96518826
7102,0.9876431
7103,0.100105405
7106,0.13452268
7111,0.5044168
7112,0.61096686
7113,0.06491333
7114,0.9841829
7115,0.9702752
7118,0.5069923
7121,0.97865117
7122,0.2253958
7124,0.026805699
7129,0.97146434
7130,0.053582847
7132,0.011561453
7135,0.116832435
7141,0.97012144
7142,0.9801759
7144,0.013196886
7145,0.011469007
7148,0.95594126
7149,0.03226173
7150,0.07473898
7151,0.46038687
7152,0.010810256
7153,0.011363447
7155,0.104617536
7157,0.14484501
7159,0.9565998
7160,0.9709546
7161,0.109650075
7162,0.005517125
7163,0.010219693
7165,0.58559656
7166,0.8351612
7168,0.0054678917
7169,0.013943076
7170,0.10702729
7171,0.008556187
7172,0.0072441697
7173,0.9744651
7174,0.007453263
7175,0.0074542165
7178,0.015175641
7181,0.032636225
7182,0.01120621
7183,0.008940041
7184,0.017645717
7185,0.006398618
7187,0.019907594
7189,0.017713368
7190,0.009687066
7191,0.88738495
7194,0.014105082
7195,0.059381604
7196,0.006814897
7199,0.0059217215
7200,0.22447163
7203,0.008641481
7204,0.047504246
7207,0.9690289
7208,0.96749043
7209,0.017964184
7211,0.88163185
7216,0.083443046
7217,0.9587624
7218,0.15568435
7221,0.06766343
7222,0.019623518
7223,0.8628764
7224,0.007039368
7225,0.025109649
7228,0.01837486
7229,0.26085657
7230,0.045674503
7231,0.13235456
7232,0.013839364
7234,0.05105567
7235,0.78721356
7236,0.98978955
7238,0.03536266
7243,0.82629114
7244,0.9807747
7245,0.96983504
7247,0.015729487
7249,0.97048545
7250,0.9678795
7252,0.9525511
7253,0.030992031
7254,0.24363714
7255,0.9894169
7256,0.9479544
7257,0.16261458
7258,0.9261515
7259,0.013520539
7260,0.98564965
7262,0.9590133
7263,0.97277844
7264,0.97753847
7266,0.9413166
7267,0.9085164
7269,0.8520761
7271,0.9723321
7272,0.018285632
7274,0.9785994
7276,0.024334371
7277,0.9344578
7278,0.43787134
7279,0.09068
7280,0.0077266097
7281,0.02165407
7282,0.96202093
7283,0.09191477
7285,0.96346974
7286,0.010255396
7287,0.051686883
7289,0.09583861
7290,0.3196568
7291,0.75039315
7293,0.96581763
7294,0.57061243
7296,0.023547113
7299,0.92404205
7300,0.16617739
7304,0.95415163
7306,0.9684273
7307,0.9924153
7308,0.089226305
7309,0.96510667
7310,0.9126523
7311,0.34119028
7312,0.3317817
7313,0.96720976
7314,0.016249359
7317,0.07421625
7318,0.97392476
7320,0.987694
7321,0.94567764
7322,0.18608403
7323,0.9638682
7324,0.04173839
7325,0.9911182
7326,0.96696925
7327,0.9626023
7328,0.014716864
7329,0.9062941
7330,0.93486476
7331,0.02664566
7332,0.95609975
7334,0.8446498
7335,0.6118524
7337,0.9690377
7338,0.99097735
7340,0.928179
7341,0.962316
7342,0.7125524
7343,0.029688
7345,0.29736555
7346,0.0128881335
7347,0.98934036
7349,0.016138732
7350,0.765781
7351,0.06957394
7352,0.007678807
7354,0.9667062
7355,0.011331856
7356,0.006578028
7357,0.006959915
7359,0.79700017
7361,0.09363365
7362,0.03154826
7363,0.96271795
7364,0.9540416
7365,0.9362776
7366,0.10283363
7367,0.9741993
7368,0.9734102
7370,0.00969255
7371,0.02624929
7372,0.9690594
7373,0.01912266
7374,0.21687663
7375,0.032479823
7376,0.009230077
7377,0.2692988
7378,0.97387683
7379,0.052737057
7380,0.005742967
7381,0.72308373
7382,0.045458853
7383,0.97492653
7386,0.9772059
7388,0.02208221
7390,0.8847421
7393,0.9578185
7394,0.009486556
7395,0.4074877
7396,0.8712654
7397,0.06512648
7398,0.073611796
7399,0.99025065
7400,0.9356848
7401,0.0152237415
7402,0.990659
7403,0.09652376
7404,0.0119133
7406,0.9475385
7412,0.9635562
7415,0.9486232
7416,0.9670573
7417,0.033663332
7418,0.019113958
7420,0.8130675
7424,0.8022925
7425,0.6534967
7426,0.10036713
7428,0.013646066
7430,0.029330552
7431,0.97312546
7433,0.9658575
7434,0.0088454485
7435,0.16013145
7436,0.012047946
7437,0.10653907
7438,0.043963134
7439,0.14319319
7440,0.009631872
7442,0.006865382
7443,0.9404173
7444,0.056377172
7445,0.024873018
7448,0.0127391815
7449,0.019077599
7450,0.025330722
7451,0.5012946
7452,0.9677113
7453,0.08750963
7454,0.95797354
7456,0.9552773
7458,0.96832776
7459,0.055255234
7461,0.9623548
7462,0.96551
7463,0.94170344
7464,0.34765792
7465,0.099455774
7466,0.02609396
7467,0.47230214
7468,0.014971733
7469,0.6847132
7473,0.36874264
7474,0.97098297
7475,0.35349894
7476,0.9598949
7477,0.0064973235
7478,0.076882064
7479,0.9818561
7482,0.96083
7485,0.93084586
7486,0.9579464
7487,0.025825143
7488,0.95716184
7489,0.96289074
7490,0.46406084
7492,0.015408099
7493,0.022984266
7494,0.9890627
7496,0.97380847
7498,0.0074732304
7499,0.12659925
7501,0.7145331
7502,0.41834658
7503,0.008953869
7504,0.84249306
7505,0.97331506
7506,0.96348816
7507,0.5605026
7508,0.9667089
7509,0.02328962
7510,0.0074021816
7511,0.9118571
7512,0.15775687
7515,0.022643507
7516,0.9628083
7517,0.9143568
7518,0.9690686
7519,0.96610045
7523,0.9673123
7528,0.040030837
7529,0.97374934
7531,0.97144514
7532,0.87054265
7537,0.0123304725
7538,0.01992017
7539,0.018545806
7540,0.7169076
7541,0.98644876
7542,0.9657876
7543,0.4160493
7544,0.011608064
7545,0.0098955035
7547,0.9374559
7548,0.016387999
7549,0.9467148
7551,0.58783126
7552,0.0918625
7554,0.059720695
7555,0.011556208
7556,0.6871431
7557,0.98842525
7558,0.1777929
7560,0.9457633
7561,0.73982704
7562,0.569468
7563,0.9632298
7564,0.6332661
7567,0.17731112
7568,0.9675996
7569,0.012823522
7571,0.9697001
7573,0.9611685
7574,0.8080665
7576,0.016814232
7577,0.012184322
7578,0.9725953
7579,0.036936045
7580,0.062465787
7582,0.21271741
7583,0.007936895
7585,0.010327935
7587,0.009468973
7588,0.01108557
7589,0.039054453
7590,0.9592899
7591,0.009630501
7592,0.17896944
7593,0.9686438
7594,0.963072
7595,0.15297574
7596,0.9735133
7597,0.98429906
7600,0.09890926
7602,0.9905
7603,0.94403136
7604,0.31053144
7605,0.0075263977
7606,0.10359317
7608,0.9652272
7610,0.9653591
7611,0.9735197
7612,0.0057992935
7613,0.07657713
7615,0.47948146
7616,0.04823774
7621,0.9349384
7622,0.9603724
7625,0.8998505
7626,0.33734965
7627,0.10940689
7628,0.96239805
7631,0.017439187
7632,0.89097023
7633,0.94667155
7635,0.048701286
7636,0.017376125
7638,0.96415687
7639,0.017460108
7640,0.9690752
7641,0.9417519
7642,0.3320967
7644,0.04725045
7645,0.03876692
7646,0.9645143
7647,0.3488922
7649,0.96885616
7650,0.03318733
7651,0.9652618
7652,0.15422988
7654,0.0091507435
7655,0.9592503
7656,0.948051
7660,0.04203725
7661,0.97389734
7664,0.9703113
7665,0.93281925
7667,0.017722905
7668,0.47451526
7671,0.2798465
7674,0.75633883
7675,0.8745151
7676,0.93985945
7677,0.1045562
7678,0.010571063
7680,0.017457485
7681,0.11634076
7682,0.72466123
7683,0.90828586
7686,0.9240938
7687,0.25823897
7688,0.009367943
7689,0.2985356
7691,0.9704248
7692,0.008539796
7693,0.059360087
7695,0.61978
7696,0.5948318
7697,0.96782434
7698,0.20521766
7700,0.07759678
7701,0.0452345
7703,0.9741579
7704,0.9585433
7705,0.9717886
7706,0.008398831
7707,0.97638106
7710,0.0091433525
7711,0.3098721
7712,0.97770715
7713,0.2839951
7715,0.7809557
7717,0.073818445
7719,0.7409334
7722,0.006661117
7724,0.8724178
7726,0.96098435
7729,0.015274823
7730,0.041674316
7731,0.060154676
7735,0.014633179
7737,0.2690001
7738,0.96680105
7739,0.013651967
7740,0.011693895
7741,0.03342116
7743,0.0075771213
7744,0.023456752
7745,0.09061432
7746,0.9690152
7747,0.89306855
7748,0.9862131
7749,0.8462175
7750,0.032936692
7751,0.9828436
7753,0.96188354
7754,0.027142048
7756,0.077803135
7757,0.9547053
7758,0.014967024
7759,0.9632579
7760,0.017654598
7763,0.98037463
7764,0.9693392
7766,0.962778
7767,0.086416185
7768,0.6819873
7770,0.027225614
7772,0.0486449
7773,0.009931624
7774,0.012311876
7775,0.9777132
7777,0.5899498
7779,0.9217483
7780,0.96413445
7781,0.98936456
7782,0.018244147
7783,0.6922035
7784,0.07701206
7785,0.023611128
7786,0.026673436
7787,0.5296286
7789,0.037080526
7791,0.96206737
7792,0.010759771
7794,0.7488048
7795,0.035523474
7798,0.0072239637
7802,0.10302001
7804,0.9808448
7805,0.098919034
7806,0.9559031
7807,0.9879002
7808,0.8136003
7809,0.013971925
7810,0.011105418
7811,0.9427736
7813,0.024289131
7814,0.9579314
7815,0.6903405
7817,0.024306834
7819,0.13880593
7820,0.025148273
7821,0.0126924515
7823,0.09130746
7825,0.86579937
7828,0.006444156
7829,0.5030148
7830,0.959257
7831,0.010785997
7832,0.9671062
7833,0.9414823
7834,0.9886781
7836,0.9440437
7837,0.016566753
7838,0.8618828
7839,0.6976622
7840,0.9487926
7841,0.018994093
7844,0.008658469
7846,0.013619602
7847,0.19306535
7849,0.62743276
7850,0.019684136
7851,0.9596877
7853,0.95889986
7854,0.008091152
7855,0.0690881
7856,0.9695443
7857,0.42925835
7859,0.07848281
7860,0.95470387
7861,0.11060548
7862,0.98439705
7863,0.019191027
7864,0.61279935
7865,0.95309836
7867,0.9715137
7868,0.018238068
7869,0.08943713
7870,0.08861798
7872,0.9768893
7873,0.8059976
7874,0.014315367
7876,0.11017394
7878,0.08897275
7879,0.15191078
7880,0.9237951
7882,0.9703804
7883,0.94337445
7884,0.96910846
7885,0.9647786
7888,0.9669796
7889,0.015997767
7892,0.02397865
7893,0.020286798
7894,0.9743688
7897,0.009165049
7899,0.2932467
7900,0.016561806
7901,0.9696667
7902,0.8263761
7904,0.016463518
7905,0.9669888
7906,0.008084118
7907,0.96787775
7909,0.018155456
7910,0.015135825
7915,0.015147269
7916,0.94774044
7917,0.00516665
7919,0.8505025
7920,0.01238668
7922,0.026650071
7927,0.84865165
7928,0.8903984
7929,0.019905746
7930,0.8097625
7932,0.01679337
7934,0.952631
7935,0.012010455
7936,0.037496686
7938,0.033307314
7939,0.9454865
7941,0.029473066
7942,0.98974806
7943,0.010848284
7944,0.046337068
7945,0.26523203
7946,0.005466938
7947,0.20814675
7948,0.9701288
7950,0.012756288
7951,0.04620707
7952,0.016554654
7953,0.022399724
7954,0.066205144
7955,0.010998845
7956,0.011403739
7959,0.06292987
7961,0.007834554
7963,0.008875191
7965,0.89828163
7966,0.96883786
7967,0.022366107
7968,0.07074034
7969,0.565215
7970,0.08005327
7971,0.02735871
7972,0.042440534
7973,0.009084642
7974,0.00871551
7975,0.050865114
7976,0.6853351
7977,0.9663659
7980,0.009180129
7982,0.9587909
7983,0.94647413
7984,0.010934949
7985,0.9720742
7987,0.05923909
7988,0.97573805
7989,0.9699053
7990,0.039429307
7991,0.2726866
7994,0.9678201
7997,0.017907739
7999,0.906523
8000,0.0094925165
8004,0.7401192
8005,0.011221945
8007,0.016908228
8009,0.016079068
8011,0.8538283
8012,0.025837123
8014,0.010611594
8015,0.02876252
8016,0.020408869
8017,0.9652895
8018,0.517969
8019,0.38369405
8020,0.048317015
8021,0.9606308
8022,0.9324207
8023,0.014413893
8024,0.9672864
8025,0.013227761
8029,0.21666604
8030,0.0138942
8033,0.34948713
8034,0.010129869
8035,0.017217934
8036,0.019207776
8037,0.005787432
8041,0.038092136
8042,0.013558328
8044,0.9556006
8046,0.106387734
8048,0.9750342
8049,0.053879738
8050,0.016310632
8051,0.024142802
8052,0.038041055
8055,0.83714074
8056,0.0142707825
8057,0.9607004
8058,0.0061149
8059,0.013227165
8061,0.017554939
8065,0.9685161
8067,0.85002315
8068,0.9828641
8069,0.008964181
8070,0.007214546
8072,0.9710201
8073,0.9470422
8074,0.013200164
8075,0.12711287
8077,0.95210147
8079,0.87340724
8080,0.9727392
8081,0.011481106
8082,0.010002434
8083,0.5432584
8085,0.023361146
8086,0.0111064315
8088,0.97267354
8089,0.09170681
8090,0.00761497
8094,0.010339975
8095,0.01670301
8097,0.02100575
8098,0.08605337
8099,0.007971823
8101,0.007956922
8102,0.8296019
8104,0.009561062
8105,0.96658325
8107,0.0145738125
8108,0.5532733
8109,0.07822764
8110,0.010128081
8111,0.93423104
8113,0.9830603
8119,0.9481855
8120,0.0057026744
8121,0.0343647
8122,0.9902705
8125,0.018574953
8127,0.04589951
8129,0.032559514
8130,0.01149565
8131,0.9724733
8132,0.03582567
8133,0.91677517
8135,0.8811623
8136,0.95551234
8139,0.009673059
8140,0.926362
8141,0.94096524
8145,0.91439056
8147,0.27303553
8148,0.015659928
8149,0.014469743
8151,0.071831465
8152,0.010200262
8154,0.07412636
8156,0.012212813
8157,0.013734281
8158,0.011702836
8160,0.023805082
8161,0.032082736
8162,0.021697402
8164,0.08332074
8165,0.28494382
8167,0.019480646
8168,0.9930441
8170,0.08636534
8171,0.010258317
8174,0.008066595
8175,0.0060697794
8177,0.9688974
8178,0.01063478
8180,0.057894647
8182,0.9141364
8183,0.033804357
8186,0.6349969
8187,0.85205615
8189,0.008687794
8191,0.042321146
8193,0.9750907
8196,0.015447855
8197,0.012977302
8198,0.015250564
8199,0.008677125
8200,0.9550193
8201,0.12065506
8202,0.36985886
8204,0.015670538
8206,0.97646576
8207,0.13280928
8209,0.014330506
8212,0.033916295
8213,0.89961624
8215,0.029280663
8216,0.9710665
8217,0.03110218
8219,0.95446295
8220,0.9036326
8223,0.96358323
8224,0.9739455
8225,0.9655884
8226,0.012016296
8227,0.009468496
8228,0.96418774
8229,0.015841007
8230,0.041530132
8231,0.96750283
8232,0.07714498
8233,0.009814858
8235,0.95660436
8236,0.0101745725
8238,0.019048572
8239,0.9693626
8241,0.008685768
8242,0.97539836
8244,0.010742724
8245,0.009061456
8246,0.018865108
8247,0.013742745
8248,0.034443617
8249,0.031267762
8250,0.9670805
8251,0.07215065
8252,0.0187639
8253,0.007573962
8254,0.011863351
8256,0.012120068
8257,0.00722152
8258,0.11543685
8259,0.9445404
8262,0.97384155
8263,0.028908014
8264,0.01583165
8266,0.02065295
8267,0.01294142
8269,0.9223837
8270,0.0093432665
8271,0.09862524
8272,0.08510631
8273,0.95694166
8274,0.006544411
8275,0.10261333
8276,0.35929245
8277,0.092253864
8278,0.9648488
8280,0.41658354
8282,0.9123937
8285,0.04669392
8286,0.96657
8288,0.009660542
8291,0.96434957
8293,0.4439103
8294,0.017297268
8295,0.01204735
8297,0.010895252
8304,0.97078484
8305,0.96583045
8306,0.1564182
8308,0.01108712
8310,0.005428016
8312,0.5910095
8313,0.009206831
8314,0.9543202
8315,0.0131543875
8317,0.04814011
8320,0.97639537
8321,0.9715938
8322,0.97406626
8323,0.6395043
8324,0.9709497
8327,0.008190215
8330,0.012031317
8331,0.08440733
8333,0.016602933
8334,0.9012091
8335,0.97465205
8336,0.027994156
8337,0.9326013
8338,0.0128314495
8340,0.9173967
8343,0.9698178
8346,0.008069813
8347,0.012558222
8348,0.97639066
8349,0.015918374
8350,0.02843362
8351,0.013769984
8352,0.040944874
8353,0.01019305
8355,0.97555774
8357,0.15447903
8359,0.14372319
8360,0.008046448
8361,0.10651994
8366,0.047563434
8367,0.008177817
8368,0.96326834
8370,0.02085346
8371,0.02801609
8372,0.109971106
8373,0.06406623
8374,0.78944373
8375,0.01434052
8377,0.009269059
8378,0.012200117
8379,0.022767723
8381,0.96479464
8382,0.010531366
8384,0.9767915
8386,0.009678543
8387,0.013757825
8391,0.014080167
8393,0.008271754
8398,0.0071516037
8400,0.017201364
8402,0.008640885
8403,0.0077492595
8404,0.0055693984
8405,0.017528236
8406,0.014989197
8410,0.025921524
8411,0.0077778697
8412,0.012607157
8413,0.01824826
8414,0.016030312
8415,0.35071832
8416,0.9205838
8419,0.013371348
8420,0.008065343
8421,0.9721848
8422,0.97136366
8427,0.7752298
8428,0.55168235
8430,0.9673354
8432,0.9650457
8434,0.078502655
8436,0.008071661
8437,0.015123963
8439,0.1436373
8441,0.7709992
8442,0.9896504
8443,0.020014763
8444,0.041305125
8445,0.0068728924
8446,0.9712562
8448,0.08608371
8449,0.96944475
8450,0.029159546
8451,0.0831905
8452,0.96466106
8454,0.6415055
8455,0.9751736
8456,0.014777958
8461,0.019590974
8462,0.005335927
8463,0.011853278
8465,0.0073187947
8468,0.9735294
8470,0.08576697
8471,0.04535544
8472,0.79799414
8473,0.042677343
8474,0.010936439
8475,0.05960387
8478,0.010867417
8479,0.011959374
8481,0.077590704
8482,0.006833613
8483,0.023937762
8484,0.029083014
8487,0.917502
8488,0.01180774
8490,0.05747956
8491,0.016137898
8492,0.5775173
8494,0.093180716
8495,0.010885835
8496,0.008132517
8498,0.007054031
8499,0.77356976
8500,0.9476942
8501,0.10537416
8502,0.012626946
8504,0.96538955
8505,0.0077932477
8507,0.19584477
8509,0.9856852
8510,0.97277343
8511,0.009192646
8512,0.01603359
8513,0.06863159
8514,0.08830565
8517,0.23274302
8518,0.017817318
8519,0.20434862
8520,0.9566531
8521,0.025409639
8522,0.9789594
8524,0.98350537
8525,0.0150312185
8526,0.16312861
8527,0.9539981
8528,0.9300067
8531,0.9644792
8532,0.9921075
8533,0.012580693
8534,0.020534933
8535,0.9050668
8536,0.961865
8537,0.018278837
8538,0.09911722
8539,0.014361203
8540,0.009617746
8542,0.1406647
8543,0.008520246
8544,0.074492216
8545,0.0259462
8546,0.96202993
8549,0.9698093
8550,0.011683047
8552,0.8979391
8554,0.9621669
8557,0.98109794
8559,0.035832524
8561,0.010393083
8564,0.0062167645
8565,0.08196831
8566,0.6191463
8567,0.16430724
8569,0.97273827
8574,0.10240644
8575,0.9586437
8576,0.019236326
8578,0.96036595
8580,0.040908337
8581,0.021152675
8582,0.84286773
8583,0.016145408
8585,0.006982565
8586,0.05811423
8588,0.08508247
8589,0.12848622
8591,0.029863417
8592,0.009889305
8593,0.56364274
8594,0.120295405
8595,0.0059598684
8598,0.22106904
8600,0.016563833
8601,0.0113376975
8602,0.97177804
8603,0.026050806
8604,0.015370846
8606,0.9683704
8609,0.014291525
8610,0.0062127113
8612,0.9904642
8613,0.93970287
8614,0.009419024
8615,0.95528764
8618,0.005984843
8619,0.9431545
8620,0.0053038597
8621,0.018488586
8623,0.9410326
8624,0.96319395
8626,0.008261263
8627,0.00492543
8628,0.9868894
8630,0.03545946
8631,0.9689289
8632,0.4584756
8633,0.028611839
8634,0.027100027
8636,0.034695506
8637,0.03910023
8639,0.9577579
8640,0.0069417953
8642,0.0063225627
8643,0.007990122
8644,0.016190767
8645,0.9660747
8646,0.9365242
8649,0.06030327
8650,0.018562794
8652,0.08218038
8656,0.94532084
8657,0.03833276
8658,0.026926816
8660,0.013089478
8661,0.012200952
8662,0.0109514
8663,0.046765327
8664,0.0067242384
8665,0.96593046
8667,0.017201364
8668,0.0065413117
8670,0.023237288
8671,0.42360902
8672,0.060589075
8673,0.011331379
8674,0.015048087
8676,0.8939705
8678,0.0158512
8681,0.015518665
8684,0.91853184
8685,0.9321807
8686,0.030052423
8687,0.021914601
8689,0.9700797
8690,0.007869899
8691,0.0092749
8692,0.79385656
8693,0.01498425
8696,0.01705569
8697,0.97661555
8701,0.7682406
8702,0.026195824
8703,0.029643893
8705,0.04596919
8706,0.9637689
8707,0.9552386
8708,0.010328412
8710,0.011004329
8711,0.120904684
8713,0.98886746
8714,0.52336174
8715,0.07848859
8718,0.042791486
8719,0.019089103
8720,0.16418177
8722,0.009118676
8723,0.06010109
8724,0.057454467
8727,0.0070940256
8729,0.007987559
8732,0.9635407
8735,0.010870814
8736,0.028206825
8737,0.9656592
8738,0.013797164
8739,0.019286215
8740,0.009963393
8741,0.96354663
8743,0.960858
8744,0.07087839
8745,0.972609
8747,0.009473443
8750,0.0353114
8751,0.02305168
8752,0.0048593283
8753,0.33051395
8756,0.9617287
8757,0.09043509
8758,0.13519657
8759,0.016414404
8760,0.98792857
8763,0.021924853
8764,0.009316325
8765,0.9717322
8766,0.6849178
8768,0.9754349
8769,0.088039935
8770,0.0068534017
8771,0.056162894
8773,0.021771371
8776,0.015290678
8778,0.01515609
8779,0.8455777
8780,0.98744893
8781,0.020892322
8782,0.007260859
8783,0.03409052
8784,0.014433622
8785,0.97706956
8786,0.96769285
8787,0.9698204
8788,0.010596752
8789,0.005173385
8790,0.0071429014
8791,0.9733841
8794,0.03346336
8795,0.019681513
8796,0.018072784
8797,0.0087403655
8798,0.1343131
8799,0.0075991154
8800,0.008934796
8801,0.0067243576
8803,0.1277101
8805,0.06830585
8812,0.03673774
8813,0.016429067
8814,0.8782773
8815,0.9660101
8817,0.96378696
8819,0.9682047
8820,0.0094204545
8822,0.026377916
8824,0.008678377
8825,0.009780705
8826,0.03275013
8828,0.015350401
8829,0.5399415
8831,0.008893669
8832,0.82708764
8833,0.011116564
8834,0.7177199
8835,0.026826918
8836,0.8756027
8837,0.018455148
8838,0.010750413
8840,0.37872773
8842,0.012379229
8843,0.012596965
8844,0.1611324
8846,0.11051738
8847,0.9838523
8848,0.13950497
8849,0.13226944
8851,0.102685034
8853,0.9688244
8855,0.011277437
8856,0.024347663
8858,0.02208829
8862,0.9593959
8863,0.19699311
8864,0.02025044
8865,0.94459414
8866,0.8002369
8867,0.9696277
8868,0.97106844
8870,0.08108801
8874,0.0053603053
8876,0.011111021
8877,0.011418045
8878,0.92709386
8881,0.11337203
8882,0.026479304
8883,0.012497246
8884,0.96448505
8886,0.9688895
8887,0.01623702
8888,0.021032035
8889,0.31876057
8890,0.01623249
8891,0.007955074
8892,0.0087298155
8894,0.5278915
8896,0.17458242
8897,0.010295689
8898,0.043500483
8899,0.021507978
8900,0.95632094
8901,0.13240814
8904,0.022415102
8905,0.014392376
8906,0.97547966
8908,0.16158313
8913,0.011810303
8914,0.94035536
8915,0.011235237
8916,0.027359724
8919,0.9770691
8920,0.95482504
8921,0.94974494
8922,0.016945899
8924,0.012294352
8928,0.008070588
8929,0.00690639
8930,0.020423293
8931,0.0073058605
8932,0.018835723
8933,0.015791476
8934,0.1565293
8936,0.49300587
8939,0.5087397
8940,0.014935911
8943,0.01671648
8944,0.018164992
8945,0.00931108
8946,0.03871429
8948,0.03768736
8950,0.009616554
8951,0.0060499907
8952,0.28890544
8953,0.09574288
8955,0.9373546
8958,0.9674017
8959,0.010562301
8964,0.9722423
8965,0.06982124
8966,0.9737805
8967,0.9667361
8969,0.96919227
8970,0.01983887
8973,0.014825523
8974,0.9642914
8976,0.9667028
8977,0.98503304
8978,0.77540743
8979,0.9518498
8980,0.0126748085
8981,0.042265058
8984,0.0088118315
8987,0.9690542
8988,0.009995401
8991,0.011903763
8992,0.006716728
8994,0.0117993355
8995,0.98534334
8996,0.009230912
8997,0.0078848
8998,0.96613985
9000,0.033665776
9001,0.006154597
9002,0.0115273595
9004,0.005550623
9005,0.033870697
9006,0.009300172
9007,0.020069838
9009,0.012604058
9010,0.13712823
9012,0.9545043
9013,0.89541197
9014,0.017129838
9015,0.13611352
9016,0.93360436
9017,0.96864593
9018,0.01056546
9019,0.019594967
9021,0.03591329
9025,0.09954029
9026,0.76916516
9027,0.022231102
9029,0.9705992
9030,0.16115028
9031,0.009716868
9032,0.9839827
9033,0.7808061
9034,0.977425
9036,0.97133845
9037,0.96938384
9038,0.019432604
9039,0.010092139
9040,0.31869328
9041,0.039726973
9042,0.012573242
9043,0.97748756
9046,0.27216572
9047,0.9116737
9048,0.15759045
9049,0.03073901
9050,0.09622198
9051,0.0064564943
9052,0.0076571107
9055,0.012067378
9056,0.9858337
9058,0.008964717
9060,0.99239993
9061,0.012941182
9062,0.016091287
9063,0.9738718
9064,0.033290386
9065,0.016300142
9066,0.019075751
9067,0.94517875
9068,0.2107985
9071,0.3704549
9072,0.013266325
9073,0.9908206
9074,0.9678749
9076,0.017230928
9077,0.026925802
9078,0.008027673
9080,0.011274397
9084,0.9630297
9085,0.013694286
9086,0.009128749
9087,0.013391972
9088,0.11190313
9091,0.5993676
9093,0.09313172
9094,0.9633272
9095,0.12068635
9098,0.9613934
9099,0.9498819
9100,0.023364007
9101,0.13345295
9102,0.10159737
9104,0.009300053
9105,0.031212032
9107,0.021397054
9109,0.027864933
9110,0.9695715
9111,0.044786453
9112,0.96402794
9113,0.0107322335
9115,0.012241304
9116,0.011752427
9117,0.0075660944
9118,0.0066810846
9119,0.011931002
9123,0.0063923597
9124,0.035498857
9128,0.010016203
9129,0.0057049394
9130,0.96566284
9131,0.007201791
9132,0.009251535
9133,0.75111693
9135,0.054790437
9136,0.040321767
9138,0.9623896
9142,0.8442191
9143,0.94366837
9144,0.13609505
9150,0.9644191
9151,0.96231407
9152,0.9792639
9155,0.9642039
9157,0.95707923
9158,0.016086757
9160,0.048055112
9162,0.009789467
9164,0.029384136
9165,0.009180486
9167,0.046138704
9168,0.96656007
9170,0.011638463
9172,0.6483688
9173,0.49090266
9177,0.9652643
9180,0.96994746
9181,0.08203381
9183,0.13130403
9184,0.11881548
9185,0.9607258
9186,0.025930345
9189,0.034611404
9191,0.037826896
9194,0.012484789
9196,0.9652726
9197,0.45482522
9198,0.009100914
9199,0.04500991
9201,0.12950146
9203,0.9494033
9209,0.08522117
9210,0.014129639
9212,0.045775592
9213,0.008423328
9216,0.9615736
9217,0.9580728
9219,0.0118454695
9221,0.013535261
9222,0.94899535
9223,0.9589886
9225,0.98959696
9226,0.014806867
9227,0.010168731
9229,0.1483038
9230,0.011012018
9231,0.0073381662
9232,0.9605444
9233,0.93477505
9236,0.9346504
9237,0.012738049
9238,0.965083
9239,0.019445002
9240,0.9631434
9241,0.9576516
9242,0.010243058
9244,0.9642826
9246,0.024958491
9247,0.22057736
9248,0.010790765
9250,0.010149121
9252,0.021044016
9253,0.011538863
9254,0.016462147
9258,0.014906168
9259,0.972613
9260,0.1390453
9261,0.8790787
9262,0.026438355
9266,0.029806674
9268,0.96609735
9269,0.030155182
9270,0.030449867
9273,0.011626422
9274,0.97952807
9276,0.99110466
9277,0.03331679
9279,0.11968875
9281,0.08028692
9282,0.96335864
9283,0.014616191
9285,0.009397507
9286,0.015650213
9288,0.066138506
9290,0.035023987
9291,0.0079830885
9292,0.9571407
9293,0.17069173
9297,0.008958399
9298,0.9838614
9299,0.18400341
9300,0.14634198
9301,0.013975084
9302,0.117708206
9303,0.95203847
9304,0.9699679
9306,0.011365175
9309,0.010046124
9310,0.042899907
9313,0.20771956
9315,0.193694
9317,0.010672331
9319,0.0052847266
9322,0.988459
9323,0.008745849
9324,0.032747805
9325,0.92626435
9326,0.99202156
9327,0.010190487
9328,0.2839967
9330,0.021176875
9333,0.015311658
9335,0.011646807
9339,0.15328294
9340,0.013317108
9342,0.015362859
9343,0.9118799
9344,0.82650864
9345,0.93445706
9346,0.09084427
9348,0.101468146
9349,0.97729194
9350,0.00781709
9351,0.12406534
9359,0.9694306
9361,0.9721614
9362,0.010646582
9367,0.009493411
9368,0.01608944
9369,0.007420242
9373,0.1669823
9374,0.13398921
9376,0.09555721
9377,0.8470466
9380,0.9663284
9382,0.15291023
9383,0.948013
9385,0.02728057
9388,0.010461688
9389,0.9859189
9390,0.030590117
9392,0.011173248
9393,0.012235224
9394,0.6012627
9395,0.97493905
9396,0.011205077
9397,0.0093683
9398,0.11038309
9399,0.031823754
9400,0.96077085
9401,0.09823614
9402,0.010936201
9406,0.36903024
9408,0.014613152
9409,0.016115844
9410,0.0071667433
9413,0.022872329
9415,0.9746953
9416,0.89183354
9417,0.06870633
9418,0.006541431
9421,0.0063411593
9424,0.9557877
9425,0.96171075
9426,0.007352948
9429,0.032154202
9430,0.012643814
9431,0.01823771
9432,0.045979798
9433,0.96612537
9435,0.95622027
9436,0.017859876
9437,0.5958087
9438,0.06432718
9441,0.019958794
9442,0.75049424
9443,0.989015
9444,0.33126408
9446,0.9676826
9447,0.9660063
9449,0.020995915
9450,0.007963955
9451,0.964334
9452,0.02023989
9453,0.014382899
9455,0.96633995
9456,0.033289313
9457,0.7860564
9459,0.019230008
9461,0.8065027
9465,0.97347313
9470,0.0109062195
9472,0.19696951
9473,0.00915581
9474,0.050911605
9475,0.017505705
9476,0.9654613
9478,0.8084135
9479,0.0108709335
9480,0.112271726
9481,0.97647023
9485,0.031490803
9491,0.020162523
9493,0.014248192
9494,0.0094438195
9495,0.013412297
9496,0.018504918
9497,0.009085774
9498,0.021728694
9499,0.039447248
9501,0.045535862
9502,0.018439233
9503,0.97201025
9504,0.021517038
9506,0.035125434
9507,0.032725036
9509,0.1286897
9511,0.011049211
9512,0.9220366
9515,0.007994115
9516,0.94748557
9517,0.012084365
9519,0.012331665
9520,0.29321462
9522,0.0099080205
9523,0.01107347
9525,0.044549286
9526,0.21644592
9530,0.020373523
9531,0.0131008625
9532,0.9292874
9533,0.037471175
9535,0.99027854
9536,0.64462584
9537,0.95472115
9540,0.96980983
9542,0.9712653
9543,0.9656278
9545,0.015764594
9546,0.0074338913
9547,0.91524434
9548,0.956038
9549,0.039034843
9553,0.0077766776
9556,0.19314992
9559,0.005769253
9561,0.14887536
9564,0.9735296
9565,0.012426317
9568,0.010778785
9571,0.029358983
9573,0.011361778
9577,0.96914274
9578,0.029093921
9588,0.042125404
9589,0.6558931
9590,0.9505438
9592,0.9698056
9595,0.94836867
9597,0.030590773
9598,0.7591791
9599,0.009412587
9600,0.96760756
9603,0.87966925
9604,0.96898556
9607,0.02197975
9608,0.97730863
9609,0.103304684
9610,0.96103984
9611,0.2444064
9612,0.071202815
9613,0.015761137
9617,0.018061757
9619,0.00849092
9620,0.25033087
9621,0.030596972
9622,0.9921647
9627,0.78859746
9630,0.97072625
9631,0.013721883
9632,0.054798007
9633,0.012145221
9634,0.034674942
9637,0.021263242
9639,0.7397642
9640,0.01615858
9642,0.32750154
9643,0.04577458
9647,0.051689446
9649,0.96224874
9650,0.008241713
9652,0.01692009
9653,0.022871375
9654,0.02076602
9656,0.013184488
9658,0.04160154
9659,0.0068553686
9661,0.0074777007
9663,0.9725476
9665,0.968696
9667,0.34646887
9668,0.020439088
9669,0.022009611
9670,0.008242309
9673,0.8693017
9674,0.9466348
9677,0.018804312
9679,0.96404105
9681,0.96736306
9682,0.023706019
9684,0.6060707
9685,0.9730301
9687,0.12828839
9688,0.021292567
9689,0.98924035
9690,0.016547501
9693,0.9692222
9695,0.7801032
9699,0.9654837
9702,0.022902131
9705,0.9859667
9706,0.019963443
9707,0.010300815
9709,0.9670656
9710,0.020377636
9711,0.9696494
9712,0.028282583
9714,0.019840121
9715,0.941533
9716,0.017719328
9718,0.4524021
9719,0.01069814
9720,0.01579827
9721,0.11744636
9723,0.97646815
9725,0.9641336
9727,0.01242131
9729,0.017178118
9732,0.017594874
9733,0.13465959
9734,0.13505274
9735,0.916043
9738,0.008525848
9739,0.7626191
9741,0.04520297
9744,0.97882086
9749,0.97807646
9750,0.02065909
9751,0.047789693
9755,0.10770911
9757,0.8736888
9759,0.69736326
9760,0.34661078
9761,0.03297913
9763,0.032987297
9764,0.0323689
9765,0.0063564777
9766,0.53215414
9767,0.1002841
9768,0.9287195
9769,0.96243185
9770,0.8566894
9772,0.17107809
9773,0.9683511
9777,0.9685016
9778,0.9765838
9779,0.040873766
9780,0.02049774
9781,0.011190832
9782,0.96394634
9786,0.011107743
9787,0.010643303
9793,0.0060632825
9794,0.9614377
9795,0.007986486
9796,0.9642129
9798,0.009291291
9799,0.076292634
9801,0.010385573
9802,0.041492105
9803,0.018241823
9805,0.0075831413
9806,0.02206707
9807,0.013064206
9808,0.9678696
9809,0.9607222
9811,0.9675474
9813,0.07549828
9814,0.1620155
9815,0.9475721
9816,0.9683839
9818,0.013306022
9819,0.018080175
9821,0.02486211
9822,0.20289665
9823,0.21852654
9826,0.019315124
9827,0.96674216
9828,0.013794601
9829,0.9337288
9830,0.028783023
9831,0.05303359
9836,0.057296872
9840,0.013922334
9841,0.01023519
9842,0.96976316
9844,0.01361239
9845,0.96486455
9847,0.012954235
9848,0.12465453
9849,0.13104296
9852,0.4099065
9853,0.017025173
9856,0.010739803
9858,0.15170383
9859,0.7542374
9861,0.082948625
9866,0.0135086775
9867,0.9669091
9868,0.9721755
9869,0.96834975
9870,0.95948184
9871,0.036865592
9872,0.010625362
9873,0.4792164
9875,0.95024365
9876,0.014286518
9878,0.9764175
9880,0.011110902
9881,0.0096181035
9882,0.9328201
9887,0.01911658
9888,0.6502764
9889,0.04260379
9890,0.92977035
9893,0.9720471
9894,0.015888691
9895,0.9849382
9896,0.9533339
9898,0.9512909
9899,0.011692822
9902,0.013055801
9903,0.032775998
9905,0.016860664
9906,0.018395185
9907,0.9892356
9909,0.023806572
9910,0.9426377
9911,0.97396123
9912,0.07445681
9914,0.011610985
9915,0.9643344
9916,0.011433303
9919,0.009011924
9921,0.010053217
9922,0.018175185
9923,0.117613256
9924,0.9652913
9927,0.9919574
9930,0.013576686
9932,0.9671006
9934,0.0059595704
9935,0.031111002
9936,0.98423445
9938,0.020406246
9939,0.011369348
9941,0.013379335
9942,0.01316601
9945,0.018224478
9946,0.014276445
9947,0.01983291
9948,0.9302833
9949,0.011646688
9951,0.020091832
9952,0.009991169
9953,0.00799191
9954,0.019443274
9955,0.96941155
9957,0.012011051
9958,0.0071926117
9960,0.13388407
9961,0.0064688325
9963,0.9684646
9964,0.20342219
9967,0.007973611
9968,0.9930581
9970,0.49631286
9971,0.028336167
9972,0.04944533
9975,0.008265257
9977,0.9888029
9978,0.7700225
9979,0.96058273
9980,0.043994248
9983,0.014797151
9984,0.9679676
9986,0.9627556
9990,0.013606966
9991,0.1592921
9992,0.5961888
9995,0.956764
9996,0.029920101
9998,0.9666901
10000,0.026148021
10001,0.023187399
10002,0.01157099
10004,0.022476494
10005,0.015836835
10006,0.03295374
10007,0.9852405
10008,0.92790896
10010,0.041424215
10011,0.9910641
10012,0.9694533
10015,0.9906159
10016,0.013923407
10018,0.9619977
10021,0.96636814
10022,0.010900557
10023,0.023782134
10024,0.008703709
10025,0.011732519
10026,0.94255865
10027,0.96730304
10030,0.08220589
10031,0.21747679
10032,0.007833719
10033,0.015448272
10036,0.011069715
10037,0.035663247
10039,0.017293334
10043,0.026701152
10044,0.016264677
10045,0.96705735
10046,0.008102179
10049,0.9637955
10050,0.045238733
10051,0.0936144
10052,0.93377227
10053,0.0772509
10054,0.029555142
10056,0.9481893
10057,0.011041999
10059,0.026096582
10060,0.26923716
10061,0.94747525
10062,0.071293116
10063,0.21629399
10064,0.00811398
10066,0.9744308
10069,0.2729547
10070,0.07337546
10072,0.9444235
10075,0.011110425
10076,0.40640074
10078,0.013353229
10079,0.029003441
10080,0.07043564
10082,0.9552313
10083,0.97241014
10085,0.009813428
10086,0.99073493
10087,0.008611381
10090,0.15794832
10091,0.15633404
10093,0.9659913
10094,0.006159961
10096,0.07327902
10097,0.019450843
10098,0.01308012
10101,0.89077026
10103,0.9687267
10106,0.99098754
10109,0.006611705
10111,0.9416353
10114,0.95061845
10115,0.96582556
10116,0.13048029
10118,0.21090847
10119,0.0126007795
10120,0.038298666
10121,0.06703287
10124,0.009704053
10125,0.08782756
10127,0.009226024
10128,0.80299497
10129,0.008763313
10131,0.008636951
10133,0.010922551
10134,0.9437002
10137,0.96406317
10143,0.07867408
10145,0.06288493
10146,0.008254349
10148,0.015345871
10149,0.010507464
10150,0.46784043
10155,0.013533413
10156,0.9626258
10157,0.010748982
10158,0.97643375
10159,0.08558941
10160,0.024190962
10162,0.01078552
10167,0.97540414
10168,0.028078675
10169,0.22376716
10171,0.043726742
10172,0.0068601966
10174,0.04742241
10175,0.9161286
10177,0.014562786
10178,0.016210377
10179,0.91760576
10182,0.009083688
10185,0.018087149
10186,0.012276888
10187,0.1446085
10193,0.99137425
10194,0.95900744
10196,0.05608207
10197,0.94701314
10198,0.41536182
10199,0.9907573
10200,0.11040896
10202,0.0137581825
10203,0.06540948
10205,0.96216786
10206,0.006509006
10207,0.97385544
10208,0.006833613
10210,0.90532696
10211,0.9623514
10212,0.01789838
10213,0.01312989
10214,0.017496943
10215,0.014221072
10216,0.005810976
10217,0.9731193
10218,0.949156
10219,0.34799528
10220,0.023563385
10221,0.954768
10223,0.018510282
10224,0.9601295
10225,0.7978755
10227,0.9865946
10229,0.03672731
10231,0.014144361
10232,0.011628091
10233,0.966018
10235,0.9614463
10241,0.96490896
10242,0.06731379
10244,0.013264656
10245,0.014724255
10247,0.022140384
10248,0.06412405
10249,0.8634064
10254,0.024660647
10256,0.014983416
10257,0.008024633
10260,0.09356856
10261,0.9372947
10262,0.14006281
10263,0.81065977
10264,0.9544973
10266,0.017559469
10267,0.00986594
10268,0.0092256665
10270,0.96211386
10272,0.9697169
10273,0.034629405
10275,0.10778111
10276,0.9739389
10277,0.013421714
10278,0.018347442
10279,0.8762839
10280,0.014414132
10281,0.03994274
10282,0.069117785
10284,0.96660376
10285,0.57331765
10286,0.9661445
10288,0.029699147
10291,0.016271293
10292,0.939456
10293,0.09131652
10298,0.97312886
10299,0.012706876
10300,0.031890392
10301,0.06404364
10302,0.00940454
10303,0.96724
10304,0.2304169
10306,0.8892857
10309,0.19668978
10310,0.036447167
10313,0.97255564
10314,0.03828317
10316,0.015425742
10317,0.021035254
10318,0.027743816
10319,0.99156386
10323,0.06483489
10324,0.009012163
10327,0.012031078
10330,0.013908207
10331,0.9884747
10332,0.011346281
10333,0.08665657
10336,0.90846175
10337,0.0071318746
10338,0.008055568
10339,0.008802116
10340,0.92566895
10343,0.106550336
10345,0.0068110228
10347,0.017825246
10348,0.012923658
10349,0.010592997
10350,0.0067073107
10354,0.015851319
10356,0.6192788
10357,0.00907886
10361,0.011150956
10365,0.010958016
10368,0.97133297
10369,0.012783825
10371,0.9470308
10376,0.018331826
10378,0.042544365
10381,0.9648465
10382,0.8683535
10384,0.9101241
10385,0.043835163
10386,0.0064466
10389,0.97013855
10390,0.9724048
10392,0.01762873
10394,0.9655128
10395,0.013174474
10396,0.01364243
10397,0.99063146
10398,0.26366043
10401,0.1336466
10402,0.010317624
10403,0.0070848465
10404,0.0374732
10405,0.96811235
10406,0.008449197
10409,0.8231422
10410,0.95163035
10414,0.023165643
10416,0.090283394
10417,0.95246965
10419,0.3710562
10420,0.9901075
10422,0.20040202
10428,0.9747317
10429,0.014389932
10433,0.014969289
10435,0.9832027
10436,0.9646379
10437,0.9300096
10445,0.009969115
10446,0.9580264
10447,0.023797095
10448,0.0148486495
10449,0.20707786
10451,0.031286895
10452,0.96314836
10454,0.09372532
10456,0.07673442
10457,0.014894843
10459,0.9895847
10462,0.038879454
10463,0.01189059
10466,0.97087806
10467,0.018466294
10470,0.057999015
10471,0.011366367
10475,0.016139388
10476,0.9701471
10477,0.08492577
10479,0.008883119
10480,0.01348263
10482,0.96334285
10483,0.007351756
10485,0.007466078
10486,0.9683033
10490,0.014052391
10493,0.009444773
10494,0.020445049
10495,0.014467299
10497,0.025214195
10500,0.97010624
10501,0.023894787
10502,0.022128284
10503,0.021225631
10507,0.018544614
10508,0.017984152
10511,0.008608103
10513,0.008741558
10514,0.8629472
10516,0.9920227
10518,0.9400256
10523,0.018128097
10528,0.027144074
10530,0.9610374
10531,0.045731604
10535,0.0064545274
10536,0.011977553
10537,0.008849978
10539,0.11458993
10540,0.11312699
10543,0.012399673
10544,0.9654103
10545,0.6510937
10548,0.015765488
10549,0.29842377
10550,0.055473924
10554,0.026864707
10555,0.9557835
10557,0.0076467395
10559,0.9621615
10560,0.0065642595
10561,0.96912485
10562,0.1955725
10563,0.048038125
10564,0.16740596
10565,0.9915671
10566,0.9708035
10568,0.24670517
10572,0.009390295
10575,0.005347252
10576,0.011300743
10577,0.9696939
10578,0.49446952
10579,0.01298511
10583,0.041564047
10584,0.43497962
10585,0.011028707
10586,0.78310525
10587,0.028677166
10588,0.95572555
10590,0.09336096
10591,0.036599994
10592,0.97440094
10593,0.008661985
10594,0.95765454
10596,0.011378825
10597,0.35519803
10599,0.0057706833
10600,0.018422782
10601,0.019200087
10602,0.2543367
10607,0.9869406
10608,0.010094225
10609,0.006613314
10610,0.1361162
10612,0.011962295
10613,0.010714471
10614,0.010305762
10615,0.012259424
10616,0.9477086
10618,0.043375373
10619,0.97140485
10621,0.9175785
10623,0.011507988
10626,0.95742726
10627,0.25412804
10629,0.023964643
10630,0.27762145
10633,0.009286761
10635,0.021402538
10636,0.9655634
10637,0.0096389055
10639,0.5201895
10643,0.011439621
10644,0.010412812
10645,0.08071792
10646,0.047248006
10652,0.00623405
10653,0.94659275
10654,0.018280685
10658,0.006577313
10659,0.80160844
10660,0.040941775
10661,0.98879445
10663,0.8705658
10665,0.012013972
10666,0.2704885
10668,0.06251305
10669,0.1588819
10670,0.008393288
10671,0.009777427
10672,0.01042223
10673,0.012142777
10674,0.6170538
10675,0.9850193
10676,0.9630191
10678,0.043933272
10682,0.014877915
10683,0.013224542
10684,0.08381194
10685,0.026732504
10686,0.061118126
10688,0.008222342
10689,0.006623924
10690,0.23963708
10691,0.10572636
10692,0.8621232
10695,0.036599338
10697,0.25133902
10698,0.5666977
10699,0.9600596
10701,0.96807593
10702,0.09733331
10703,0.96715796
10704,0.94791394
10705,0.10107416
10707,0.023572385
10708,0.96014506
10709,0.084395826
10710,0.036243618
10712,0.03275746
10714,0.96774787
10718,0.15686435
10719,0.95884466
10720,0.9686865
10722,0.5518342
10723,0.008864164
10724,0.011829734
10726,0.9757292
10730,0.0391165
10731,0.028212488
10736,0.0215078
10737,0.01274544
10739,0.006948948
10740,0.03531027
10742,0.9550522
10743,0.9756431
10745,0.9677965
10746,0.9654049
10747,0.1432901
10748,0.018081665
10749,0.9898762
10752,0.020283699
10753,0.9577763
10755,0.9677859
10756,0.018767715
10757,0.016145885
10760,0.10328984
10761,0.008507431
10762,0.6275932
10765,0.9718447
10766,0.7764639
10767,0.011565745
10768,0.014903605
10769,0.97513986
10770,0.96697664
10772,0.14856505
10775,0.961184
10779,0.015590429
10780,0.00805676
10784,0.011462092
10785,0.0087528825
10787,0.022415578
10789,0.9883452
10790,0.12420893
10791,0.24126494
10793,0.025661528
10794,0.030625165
10795,0.01850146
10799,0.9672342
10801,0.5436368
10802,0.5853493
10804,0.0076824427
10805,0.9918677
10807,0.17118704
10808,0.96786845
10810,0.1276344
10811,0.00751549
10812,0.60191905
10813,0.040586174
10815,0.04636091
10816,0.97470254
10817,0.91170806
10820,0.93089724
10821,0.02271223
10822,0.008814037
10824,0.9774162
10825,0.88688344
10827,0.0368042
10828,0.030885875
10829,0.22195917
10831,0.009861946
10832,0.019006968
10833,0.9580486
10834,0.027680695
10835,0.83643425
10836,0.96120745
10837,0.013409972
10838,0.009563386
10841,0.013037264
10842,0.25931382
10845,0.014866233
10846,0.02592671
10847,0.40805542
10848,0.0048647523
10850,0.018588126
10852,0.9858131
10853,0.023532212
10854,0.008610308
10855,0.015184045
10858,0.042376578
10860,0.016902566
10863,0.51629335
10864,0.9709572
10865,0.00947392
10866,0.0106809735
10870,0.08259213
10871,0.006805539
10873,0.1895929
10874,0.13839948
10875,0.01445955
10878,0.023707807
10881,0.9684839
10883,0.0071701407
10884,0.9642024
10885,0.06928754
10887,0.009157062
10888,0.10540438
10889,0.16562945
10891,0.9819319
10893,0.37692446
10898,0.9725698
10899,0.83180904
10901,0.91653913
10903,0.9587628
10904,0.99194115
10907,0.25086558
10908,0.025479853
10910,0.011547387
10914,0.04438919
10916,0.012293279
10917,0.061736703
10918,0.009399056
10919,0.0078021884
10921,0.009399414
10923,0.9147351
10924,0.9492004
10925,0.019722939
10927,0.9747074
10928,0.9659698
10929,0.9768805
10930,0.02071321
10932,0.1355645
10934,0.01391238
10935,0.012757182
10937,0.973436
10938,0.9472576
10940,0.06779313
10941,0.01149112
10944,0.65571994
10946,0.042717874
10948,0.04162538
10950,0.0077161193
10951,0.0067136884
10954,0.33401144
10955,0.22188932
10956,0.0076372623
10960,0.83605087
10963,0.012362838
10965,0.058615446
10968,0.015200496
10972,0.009500802
10973,0.0044308305
10974,0.86155635
10975,0.13266629
10976,0.6648008
10979,0.018777072
10982,0.9663571
10983,0.25880146
10992,0.11664301
10993,0.00753361
10995,0.008643746
10997,0.01150161
10998,0.019585848
11002,0.01688689
11004,0.010130882
11006,0.019518912
11007,0.37132126
11010,0.9710571
11011,0.9840836
11013,0.5765859
11014,0.015818596
11015,0.23155326
11020,0.015364945
11021,0.9757495
11022,0.015159905
11023,0.03086543
11025,0.020160258
11028,0.08931315
11029,0.012383163
11031,0.014801323
11032,0.96213883
11033,0.9690218
11036,0.021267474
11037,0.36191416
11041,0.7457473
11042,0.01840806
11043,0.9654269
11044,0.01314199
11045,0.93929464
11046,0.0059378743
11047,0.08065367
11048,0.017490745
11050,0.03633827
11052,0.9733321
11053,0.7375677
11055,0.013835311
11060,0.013626099
11063,0.008651197
11065,0.010347068
11066,0.9685945
11068,0.014605045
11071,0.108961225
11073,0.85653853
11077,0.018322289
11078,0.008475482
11079,0.01356715
11080,0.024521172
11082,0.022480488
11083,0.93117714
11085,0.9909661
11086,0.013455212
11087,0.9661863
11088,0.92055684
11090,0.013307989
11091,0.885737
11092,0.017940938
11094,0.21380931
11096,0.9661616
11097,0.0052701235
11100,0.9711515
11101,0.041154087
11102,0.010918736
11103,0.012096703
11104,0.009194076
11106,0.017133415
11107,0.083144605
11108,0.101132035
11110,0.9731347
11111,0.5706477
11112,0.9577351
11118,0.008833468
11119,0.0315156
11120,0.08500761
11121,0.95581776
11123,0.9469738
11127,0.9625578
11128,0.012179732
11131,0.011617124
11132,0.041754425
11134,0.069155395
11136,0.011117637
11138,0.9909989
11139,0.019716978
11142,0.22388464
11144,0.9700696
11146,0.039244413
11147,0.8927504
11149,0.96944636
11150,0.26105493
11151,0.15141714
11152,0.97330266
11153,0.03438908
11154,0.9135634
11155,0.41545564
11156,0.017465413
11157,0.9903833
11158,0.9701217
11160,0.9667168
11161,0.035067916
11162,0.019072533
11164,0.06834537
11165,0.057752907
11166,0.009963155
11167,0.8055327
11169,0.47755754
11174,0.97705686
11175,0.01678288
11176,0.107934356
11177,0.31144857
11178,0.9655233
11181,0.98222625
11182,0.0066028833
11183,0.31771255
11184,0.014207184
11185,0.24123842
11187,0.020167232
11189,0.005952835
11190,0.9720903
11192,0.9697922
11194,0.9685191
11195,0.02641058
11197,0.94012713
11198,0.95991623
11199,0.056078255
11200,0.9805333
11203,0.98430413
11204,0.013971388
11206,0.53126776
11212,0.045448184
11213,0.12026459
11214,0.14357048
11215,0.015771627
11216,0.053370893
11217,0.9600481
11218,0.2844898
11219,0.692194
11220,0.01235038
11221,0.90865105
11223,0.016776323
11224,0.9729983
11226,0.7942692
11227,0.020173192
11228,0.9917267
11229,0.04354924
11233,0.010012686
11234,0.05187553
11236,0.9527778
11237,0.988821
11240,0.9317214
11241,0.006594956
11242,0.88573456
11243,0.3641981
11245,0.023391724
11246,0.009251535
11247,0.974036
11250,0.010327697
11251,0.008659899
11252,0.9767218
11253,0.013741136
11254,0.09527874
11256,0.84657896
11257,0.97662884
11258,0.91155934
11259,0.9694911
11260,0.013831317
11261,0.05768019
11264,0.96275944
11265,0.019224405
11266,0.15193498
11267,0.012368858
11268,0.017044187
11270,0.01496619
11272,0.30589998
11275,0.011309624
11278,0.016393065
11279,0.9709842
11280,0.027121007
11281,0.13808912
11284,0.024974763
11285,0.9663649
11286,0.99266726
11287,0.27881265
11288,0.012625337
11293,0.02491641
11294,0.9897506
11297,0.03687054
11299,0.010857403
11301,0.9484266
11303,0.967625
11305,0.011261821
11306,0.8180758
11307,0.01294297
11308,0.96374655
11310,0.97759897
11312,0.011770844
11315,0.007945061
11316,0.9704881
11318,0.13185853
11319,0.0068557262
11321,0.006537676
11322,0.9635893
11324,0.033607602
11325,0.010607839
11326,0.0179497
11327,0.010184407
11331,0.8716805
11332,0.9603163
11333,0.36324227
11334,0.016596138
11336,0.017198145
11337,0.95363176
11340,0.05500096
11342,0.012488127
11343,0.012247562
11345,0.9242034
11348,0.038701713
11349,0.06982678
11350,0.09789848
11352,0.85518444
11353,0.009352148
11355,0.017350078
11357,0.0068531632
11360,0.029940724
11362,0.9877337
11363,0.01575303
11366,0.9702945
11368,0.98938715
11369,0.9634503
11370,0.008704305
11372,0.013549864
11373,0.89387107
11374,0.009073138
11375,0.016337931
11377,0.10252005
11383,0.98957837
11384,0.015252292
11385,0.1201818
11387,0.7596659
11388,0.97175056
11391,0.9620891
11392,0.009956241
11393,0.011927843
11394,0.015265226
11396,0.019578159
11397,0.96521735
11399,0.9512113
11401,0.015075147
11403,0.30550742
11405,0.07139623
11409,0.07288712
11410,0.006677568
11413,0.023963273
11414,0.95485455
11415,0.032144845
11416,0.967284
11417,0.005963683
11419,0.08992088
11422,0.4708764
11423,0.008071423
11424,0.4640267
11425,0.49996293
11426,0.013927579
11427,0.010460794
11429,0.97144544
11431,0.9718483
11432,0.023969889
11433,0.057695866
11434,0.046586275
11437,0.036803126
11438,0.022991002
11439,0.036249578
11440,0.040865242
11441,0.9734515
11442,0.966031
11445,0.013697863
11446,0.0061956644
11447,0.01425302
11449,0.005047798
11453,0.9724641
11455,0.9755558
11457,0.007017374
11461,0.97180456
11463,0.986342
11466,0.96054816
11467,0.008083522
11468,0.008865893
11471,0.012819827
11472,0.9022007
11473,0.032729626
11477,0.009975791
11478,0.95882505
11479,0.016996264
11480,0.006476164
11481,0.027407646
11482,0.008035183
11485,0.97121054
11488,0.28319502
11490,0.014408231
11491,0.015843928
11492,0.030515313
11494,0.96637976
11495,0.029398024
11496,0.009617746
11498,0.23379713
11499,0.021718323
11500,0.0061338544
11502,0.97108316
11506,0.89720976
11507,0.08102888
11508,0.018894136
11509,0.20448852
11510,0.14885628
11511,0.96186656
11513,0.37844753
11514,0.025544167
11519,0.28607494
11521,0.9701028
11522,0.009364545
11523,0.0150254965
11524,0.10585505
11525,0.09998256
11526,0.013765156
11528,0.0063101053
11529,0.030060649
11530,0.97209364
11531,0.12772352
11532,0.9613324
11533,0.94804245
11534,0.08851111
11535,0.0063417554
11536,0.010202646
11538,0.07740146
11539,0.95788175
11541,0.057532012
11544,0.00997901
11545,0.13246763
11546,0.9582465
11547,0.9468264
11548,0.015745878
11549,0.024437964
11553,0.95864946
11554,0.4082948
11555,0.009043038
11556,0.9681118
11558,0.07521647
11563,0.78808343
11567,0.9837774
11568,0.9707562
11569,0.008586526
11570,0.9522709
11574,0.023451626
11575,0.15797192
11577,0.9738583
11578,0.47627074
11580,0.5341321
11581,0.0050345063
11583,0.98439807
11584,0.019696593
11585,0.010723352
11587,0.014972806
11589,0.96059024
11590,0.027221441
11593,0.051853478
11594,0.018893719
11596,0.01562053
11597,0.008838177
11598,0.024162352
11600,0.042653143
11601,0.2933448
11602,0.00833571
11603,0.9655815
11604,0.036578953
11606,0.04086888
11607,0.026957989
11608,0.96795905
11610,0.0064116716
11611,0.9703259
11614,0.015764594
11615,0.2825029
11617,0.029896319
11618,0.13295901
11619,0.012342215
11620,0.97286576
11621,0.011642158
11623,0.016564429
11624,0.9713542
11625,0.02793634
11626,0.017898083
11627,0.08514005
11628,0.01071775
11629,0.96174514
11630,0.9406609
11632,0.9343577
11633,0.5617425
11636,0.98239833
11637,0.93890893
11638,0.011571944
11640,0.052693963
11642,0.13590968
11643,0.96447283
11645,0.11190534
11647,0.007946134
11648,0.792473
11650,0.9703604
11652,0.021498084
11653,0.9770688
11658,0.03258282
11661,0.94957453
11662,0.9912098
11665,0.034004092
11666,0.008376181
11667,0.010573268
11668,0.01601857
11670,0.04552865
11671,0.9755715
11673,0.013181329
11677,0.018712342
11681,0.008499622
11683,0.0058510303
11684,0.014128864
11685,0.9387923
11686,0.96473426
11689,0.020529687
11690,0.017868757
11692,0.05244142
11696,0.987307
11698,0.9559207
11700,0.9883965
11701,0.008482397
11702,0.88221717
11704,0.64260674
11705,0.049358606
11706,0.037377
11708,0.0050714016
11712,0.012486637
11714,0.018949032
11715,0.9693185
11717,0.25379252
11718,0.013247609
11719,0.83864623
11721,0.29457784
11722,0.014511764
11723,0.007883251
11726,0.9696681
11728,0.007309139
11730,0.9708419
11731,0.014265001
11733,0.9697786
11737,0.83589023
11739,0.014539301
11740,0.019949853
11741,0.9577997
11744,0.008376658
11745,0.9919015
11748,0.97424495
11750,0.017629266
11751,0.8343149
11752,0.9916842
11753,0.39244556
11754,0.030241013
11755,0.96333385
11756,0.028869808
11759,0.0136496425
11760,0.009671748
11761,0.97320604
11762,0.0344733
11763,0.99077195
11764,0.96908563
11766,0.022583485
11768,0.9565896
11772,0.3589856
11773,0.08481896
11774,0.012741029
11775,0.018894732
11776,0.07178843
11779,0.6440911
11780,0.3667879
11781,0.062146425
11783,0.022548258
11784,0.026836514
11787,0.11814952
11790,0.11739129
11791,0.88377744
11793,0.031734288
11794,0.81444865
11795,0.06510657
11797,0.41411877
11799,0.0124742985
11800,0.008669019
11801,0.011716127
11802,0.013006568
11803,0.051308215
11804,0.009832382
11805,0.015901387
11807,0.10812718
11809,0.01279366
11812,0.9691653
11814,0.035505712
11815,0.083072245
11816,0.046095967
11819,0.15109718
11822,0.025276124
11825,0.010482609
11828,0.026667356
11829,0.06408709
11831,0.79444975
11834,0.021131754
11836,0.015444577
11838,0.3351211
11841,0.97100914
11842,0.030008793
11843,0.12005389
11846,0.022182226
11847,0.014744401
11848,0.036482155
11851,0.018409431
11853,0.97032905
11854,0.013564765
11855,0.12895477
11857,0.023141503
11859,0.9738717
11860,0.018709123
11862,0.031081438
11863,0.084429085
11865,0.9268815
11867,0.03202808
11868,0.0063208938
11870,0.3529207
11872,0.015170753
11873,0.98115474
11874,0.8406304
11875,0.8292403
11876,0.9911265
11878,0.9629031
11879,0.95194113
11881,0.007214427
11883,0.014641762
11885,0.06800783
11886,0.9635884
11887,0.9705373
11888,0.009077013
11890,0.00654757
11891,0.009596825
11892,0.66951036
11893,0.0073407292
11894,0.7675147
11895,0.9596388
11896,0.88161296
11898,0.008806169
11899,0.9749112
11901,0.9735707
11902,0.007923722
11904,0.35510164
11905,0.0137370825
11906,0.017394543
11907,0.745502
11909,0.016402185
11910,0.03771794
11911,0.012827039
11912,0.9708899
11915,0.03285104
11916,0.009557426
11917,0.012746751
11918,0.008250833
11919,0.009954989
11920,0.011305273
11921,0.9680673
11922,0.009196997
11923,0.96484894
11924,0.33481902
11925,0.98197526
11926,0.95680207
11927,0.021881104
11929,0.013819754
11931,0.0050839186
11932,0.0066541433
11933,0.016838312
11934,0.954806
11935,0.07971859
11936,0.017599702
11937,0.96653914
11938,0.011132538
11940,0.974009
11942,0.08597094
11945,0.016048908
11946,0.014231861
11949,0.95865095
11951,0.035929143
11952,0.9745786
11953,0.96901566
11954,0.9892587
11956,0.9510731
11959,0.013226807
11961,0.047268093
11962,0.16756463
11963,0.82004845
11964,0.9668052
11965,0.010197341
11969,0.012239218
11970,0.9033411
11971,0.019209743
11972,0.9846065
11973,0.012814701
11974,0.076217234
11976,0.08304125
11981,0.014468312
11984,0.04066527
11986,0.009316683
11987,0.009094119
11988,0.012845814
11989,0.028872728
11990,0.018938243
11993,0.97113806
11995,0.012010574
11996,0.019583046
11997,0.974275
11999,0.023106515
12002,0.017780304
12003,0.058401287
12005,0.9928983
12007,0.07328564
12010,0.9589292
12012,0.00882858
12013,0.9744762
12015,0.82905823
12016,0.019240916
12017,0.96721715
12018,0.96589077
12019,0.011968613
12020,0.013038874
12021,0.069737256
12022,0.15216231
12023,0.017671168
12025,0.1528377
12026,0.033441544
12027,0.0069968104
12028,0.1541217
12029,0.014793098
12030,0.98896474
12032,0.056072295
12034,0.8548384
12036,0.9675098
12038,0.13602501
12039,0.073911905
12041,0.0065225363
12044,0.03144884
12045,0.8809036
12049,0.011479259
12050,0.012746632
12052,0.033513367
12053,0.9725685
12057,0.022637427
12058,0.12501472
12059,0.9749457
12061,0.015481889
12063,0.9643006
12064,0.014372706
12065,0.9712052
12067,0.95980054
12068,0.020435631
12069,0.9713337
12072,0.98114944
12073,0.97265756
12074,0.009683907
12078,0.010060847
12080,0.013321102
12082,0.0432539
12083,0.012443185
12084,0.23101842
12086,0.92494917
12090,0.05568087
12091,0.01634419
12092,0.01145637
12093,0.011215806
12095,0.0489828
12099,0.31288397
12100,0.9699938
12101,0.0064860582
12104,0.02289164
12107,0.0091151595
12108,0.96405005
12112,0.012610912
12113,0.99261695
12114,0.00736624
12116,0.010495067
12118,0.006820798
12122,0.28606623
12123,0.012258649
12124,0.040058196
12125,0.09809178
12129,0.89411485
12130,0.9451124
12131,0.01819706
12132,0.006584406
12135,0.010413587
12137,0.019122481
12138,0.9617733
12139,0.01955533
12142,0.13626903
12143,0.9592822
12144,0.009026349
12145,0.96068
12146,0.09542936
12147,0.0068981647
12148,0.012988687
12149,0.9577667
12150,0.01787734
12151,0.9645865
12153,0.4014387
12154,0.022318363
12155,0.019239545
12158,0.08546871
12159,0.9572369
12160,0.9723612
12162,0.00783211
12163,0.9470042
12165,0.30738926
12166,0.014937639
12168,0.01572752
12170,0.010208368
12171,0.6553483
12172,0.008080721
12175,0.096138656
12178,0.0124748945
12180,0.014343977
12181,0.99119616
12183,0.065644085
12185,0.9735617
12188,0.22870553
12189,0.013070583
12192,0.03880149
12193,0.010422945
12195,0.96245646
12196,0.017213821
12198,0.9701172
12200,0.076833904
12201,0.944158
12202,0.44511384
12204,0.0570969
12206,0.23454857
12207,0.07958245
12210,0.008276284
12211,0.97846925
12212,0.97119355
12214,0.88834584
12215,0.87077445
12216,0.014576018
12219,0.042164624
12221,0.07480681
12222,0.011886418
12223,0.008536756
12224,0.9913874
12225,0.009355664
12226,0.16208225
12227,0.9554583
12230,0.06926298
12231,0.867296
12232,0.781361
12233,0.010050654
12234,0.10541791
12235,0.9668004
12237,0.061440766
12238,0.9574294
12239,0.0464589
12240,0.06703222
12243,0.013242304
12246,0.9734188
12247,0.0078213215
12248,0.006977737
12251,0.007377267
12252,0.011992812
12253,0.99289864
12255,0.009199679
12258,0.00862509
12259,0.5892478
12260,0.97065175
12261,0.020437598
12262,0.9700385
12263,0.016158998
12264,0.012384355
12266,0.019743681
12270,0.05358845
12273,0.010728359
12274,0.96441543
12275,0.009954274
12278,0.007981002
12280,0.018954039
12282,0.9140849
12284,0.010152161
12288,0.0125184655
12292,0.9729725
12293,0.01079905
12294,0.022708178
12297,0.9729792
12300,0.00980562
12301,0.0064870715
12304,0.9911212
12305,0.9684152
12306,0.012117505
12307,0.011284888
12308,0.96811396
12309,0.12536132
12310,0.033406377
12311,0.9533354
12312,0.051011026
12314,0.94436
12316,0.0069503784
12318,0.009468734
12320,0.013925612
12321,0.07239586
12323,0.029875457
12324,0.96864617
12325,0.101145804
12326,0.019280732
12329,0.018209815
12331,0.018194973
12332,0.015757978
12334,0.12416732
12336,0.011296451
12337,0.057951987
12338,0.037166595
12340,0.9742315
12341,0.83618695
12342,0.015774071
12344,0.009979725
12345,0.009339035
12346,0.6312648
12348,0.19672686
12350,0.01905638
12351,0.8637969
12352,0.013294995
12355,0.010605991
12356,0.010688126
12357,0.012157679
12358,0.10226184
12361,0.49687344
12362,0.98645747
12364,0.013092279
12365,0.007634461
12366,0.009073138
12367,0.93850255
12369,0.49487036
12376,0.0074808598
12377,0.008147299
12378,0.96574265
12379,0.016017556
12381,0.9723181
12382,0.007364452
12383,0.6966548
12384,0.012914479
12385,0.99126154
12387,0.013027489
12390,0.01683265
12392,0.009497166
12393,0.93766046
12394,0.018081307
12396,0.03359902
12398,0.011232197
12399,0.9527785
12403,0.25842273
12405,0.009008527
12406,0.9753638
12410,0.8578485
12413,0.015540361
12414,0.94296205
12415,0.013337076
12416,0.011724591
12420,0.9479394
12423,0.96234643
12424,0.7003438
12425,0.27619058
12426,0.028547049
12427,0.9897198
12429,0.045360863
12430,0.96731657
12432,0.014629126
12435,0.062060654
12436,0.0086862445
12439,0.027809918
12442,0.9615664
12446,0.013861954
12447,0.0065300465
12449,0.04087293
12450,0.96752334
12451,0.95205355
12453,0.008477449
12454,0.0056110024
12460,0.98089284
12462,0.97134835
12463,0.009986639
12464,0.013941228
12465,0.0098336935
12466,0.9668538
12467,0.0075078607
12470,0.9515823
12472,0.93467385
12473,0.011868238
12474,0.013654828
12475,0.09414852
12476,0.009312689
12477,0.012851417
12478,0.66904396
12479,0.007421553
12480,0.064956725
12481,0.009713292
12483,0.96048373
12485,0.01479429
12486,0.019492447
12489,0.045134306
12492,0.9846922
12493,0.022557497
12495,0.1828897
12498,0.015035152
12499,0.15987676
12500,0.73369944
12502,0.006136656
12505,0.970839
12506,0.8472045
12510,0.042743623
12511,0.3293411
12512,0.18372828
12514,0.010641098
12515,0.012404203
12517,0.9911427
12518,0.9730535
12520,0.9700408
12522,0.009083569
12524,0.009100676
12525,0.010143042
12526,0.012266517
12527,0.42381096
12528,0.072696924
12529,0.06670171
12530,0.010020018
12531,0.018072546
12533,0.08488667
12535,0.512637
12536,0.024944961
12537,0.012537658
12539,0.97516507
12543,0.9656717
12548,0.007525742
12551,0.04651302
12553,0.808867
12555,0.11184281
12557,0.0066333413
12559,0.9614614
12560,0.9640932
12562,0.96840376
12565,0.44534683
12566,0.018531859
12568,0.9448568
12569,0.042044878
12570,0.03436494
12572,0.9758167
12573,0.56106615
12574,0.018862367
12578,0.019777238
12580,0.052425683
12581,0.96595997
12582,0.9645295
12583,0.3136105
12584,0.022584498
12586,0.32806152
12588,0.97059435
12589,0.010203302
12590,0.016900063
12591,0.032582343
12592,0.015843332
12595,0.0089383125
12596,0.031041026
12597,0.094183385
12598,0.007945776
12599,0.8801929
12600,0.97255486
12603,0.08196139
12604,0.012798905
12605,0.008433819
12606,0.96488506
12607,0.029960215
12608,0.9755078
12614,0.5248263
12615,0.009394109
12617,0.008357406
12619,0.9532332
12621,0.9658594
12627,0.9255104
12628,0.026476562
12630,0.9753424
12633,0.011777699
12635,0.12458521
12636,0.050934136
12637,0.012637854
12638,0.009609342
12640,0.014458239
12641,0.02965808
12644,0.016851664
12645,0.015719295
12648,0.041761696
12651,0.9643099
12652,0.9728564
12659,0.018004894
12660,0.007722378
12661,0.018115759
12662,0.9619797
12664,0.025000393
12667,0.8699428
12668,0.008074939
12669,0.7544471
12671,0.02068013
12673,0.009790301
12674,0.022800028
12675,0.9697553
12676,0.056954682
12677,0.011643231
12679,0.028540492
12680,0.28257555
12681,0.9667692
12684,0.014737904
12687,0.02050668
12688,0.9044281
12690,0.008874714
12696,0.9657078
12697,0.0085507035
12698,0.044360757
12699,0.92090976
12700,0.06977618
12703,0.017336845
12704,0.01699692
12705,0.008377135
12707,0.019643664
12708,0.012769878
12709,0.97163856
12710,0.011558294
12711,0.05627185
12712,0.96625584
12714,0.08186102
12715,0.009102166
12716,0.011246085
12717,0.013435006
12720,0.89864284
12721,0.97452056
12722,0.9560712
12723,0.16752851
12729,0.9521676
12730,0.92462486
12732,0.0094742775
12733,0.975116
12736,0.10295403
12737,0.044595003
12742,0.96943796
12744,0.98379153
12745,0.011599302
12746,0.9371427
12750,0.0121126175
12752,0.012375951
12754,0.0077037215
12755,0.6226566
12756,0.037884533
12758,0.82068455
12759,0.9638304
12760,0.015254557
12761,0.97235465
12762,0.0066055655
12763,0.14488822
12765,0.9688799
12766,0.7945621
12768,0.3886745
12769,0.018542767
12770,0.9657068
12773,0.9463983
12775,0.9671528
12776,0.031077325
12779,0.9687929
12781,0.9843911
12782,0.9674683
12783,0.15096402
12784,0.020268738
12785,0.069523335
12786,0.013958156
12788,0.91832596
12789,0.10364866
12792,0.118985295
12793,0.009217203
12794,0.023923218
12795,0.014172435
12798,0.01157999
12799,0.015058935
12801,0.010864139
12803,0.9645616
12805,0.9683431
12806,0.034164608
12807,0.014586866
12809,0.00577718
12810,0.015239179
12811,0.9852984
12812,0.05029881
12815,0.10691464
12819,0.7568312
12820,0.38395745
12822,0.9490022
12825,0.73236275
12827,0.0429852
12828,0.96615773
12829,0.015776038
12831,0.96899253
12832,0.040171742
12834,0.96171236
12836,0.95431006
12838,0.06941044
12839,0.9760268
12841,0.012413621
12843,0.027517676
12844,0.058362246
12845,0.963332
12846,0.034225643
12848,0.9691333
12850,0.12571591
12854,0.21188617
12856,0.041231394
12860,0.016706109
12863,0.9762379
12865,0.9756239
12866,0.030396402
12867,0.038128078
12869,0.020424545
12870,0.00791198
12871,0.9821429
12873,0.12607914
12874,0.09777689
12876,0.1687733
12878,0.9556492
12879,0.9892445
12883,0.8967975
12885,0.01916331
12887,0.13069636
12889,0.071511865
12890,0.007967055
12892,0.010645866
12894,0.013557076
12895,0.08675456
12896,0.015467107
12897,0.02052337
12898,0.9730402
12899,0.021755517
12900,0.9722197
12903,0.018031538
12904,0.84761226
12908,0.016413033
12911,0.021465063
12912,0.0068498254
12913,0.26137775
12914,0.007974982
12915,0.007170856
12916,0.96972483
12918,0.9115508
12920,0.14705575
12923,0.122036755
12925,0.011941016
12926,0.97084343
12927,0.008215308
12930,0.746109
12931,0.010343671
12933,0.015168905
12934,0.189479
12937,0.79900783
12938,0.006148815
12942,0.011514306
12943,0.10603833
12946,0.01140213
12948,0.06174445
12949,0.97208196
12953,0.93465376
12954,0.00992775
12955,0.9904836
12957,0.012464106
12958,0.16965479
12960,0.015942872
12964,0.019552112
12966,0.969733
12967,0.9907716
12970,0.08322477
12971,0.007218778
12972,0.97036165
12973,0.009481013
12975,0.009376228
12976,0.97040176
12977,0.9870927
12978,0.07945663
12979,0.019384027
12981,0.0099282265
12983,0.96245337
12984,0.101371825
12986,0.013307393
12987,0.9734384
12989,0.019841194
12994,0.3020904
12995,0.96597415
12997,0.011228383
12999,0.008672893
13001,0.1001389
13003,0.013762832
13004,0.11780906
13005,0.06408197
13006,0.0094347
13009,0.019898891
13010,0.015290678
13011,0.055010557
13013,0.94505036
13014,0.9532594
13015,0.97201467
13017,0.12519538
13020,0.96692634
13024,0.9664403
13025,0.0051054955
13027,0.9684339
13028,0.008685172
13029,0.98826134
13030,0.93632865
13034,0.08915502
13036,0.09814137
13037,0.009736776
13038,0.49594527
13039,0.012015045
13042,0.0240345
13043,0.9228808
13044,0.010890007
13045,0.006149888
13048,0.9587032
13051,0.07526916
13053,0.96298444
13058,0.7687242
13061,0.0072489977
13063,0.03751546
13064,0.010520637
13065,0.89410114
13071,0.049857974
13073,0.9639485
13074,0.02168262
13076,0.029111147
13077,0.09415251
13078,0.906252
13080,0.09889907
13083,0.023872435
13085,0.05400282
13087,0.03246385
13089,0.96177566
13091,0.015363216
13093,0.83875984
13094,0.10176033
13095,0.08340466
13096,0.70902026
13097,0.084296465
13099,0.07940477
13103,0.9673905
13104,0.019923985
13105,0.012259543
13106,0.014579475
13107,0.0075163245
13108,0.10819864
13109,0.9694004
13112,0.009343505
13113,0.025828421
13115,0.12922972
13117,0.12715924
13118,0.011936247
13120,0.014670312
13121,0.14623189
13122,0.96653986
13123,0.08409512
13125,0.9910026
13126,0.011308312
13128,0.47158813
13134,0.071837544
13135,0.9685633
13136,0.017689586
13137,0.0072544217
13143,0.0138760805
13144,0.945181
13147,0.23331797
13149,0.011249125
13150,0.09372032
13154,0.16763443
13155,0.9737357
13156,0.96711373
13158,0.012880087
13159,0.024469733
13161,0.1278339
13162,0.0132085085
13163,0.96882653
13164,0.013559163
13165,0.015522003
13166,0.007207632
13169,0.015955985
13171,0.028268993
13173,0.028930306
13175,0.06859672
13176,0.95408624
13177,0.01562196
13181,0.018191278
13182,0.9896358
13183,0.9771441
13185,0.013517857
13188,0.99023587
13189,0.9913877
13191,0.90423745
13192,0.027073562
13193,0.014912069
13199,0.015924513
13200,0.011113107
13202,0.0075763464
13203,0.09449756
13204,0.28294295
13206,0.015355289
13208,0.01085037
13209,0.0392195
13210,0.01006341
13211,0.025398672
13213,0.15015876
13215,0.09676385
13216,0.020266354
13217,0.020111501
13218,0.05556494
13219,0.92178386
13222,0.9682151
13227,0.94822824
13228,0.044305146
13229,0.016631782
13232,0.9725364
13234,0.026326597
13236,0.86701345
13239,0.020713985
13240,0.013820648
13241,0.9439281
13244,0.0066298246
13245,0.96539664
13246,0.20042473
13247,0.17418575
13248,0.96517944
13251,0.007938266
13256,0.9721785
13257,0.07986897
13259,0.93981045
13261,0.018681586
13263,0.0136470795
13264,0.015247285
13265,0.011247337
13270,0.05177307
13272,0.014722049
13273,0.00585413
13274,0.22637403
13277,0.04141283
13278,0.41635948
13279,0.98651004
13284,0.9690077
13285,0.010936201
13286,0.08043563
13290,0.03466916
13291,0.0063526034
13292,0.05530119
13293,0.031623363
13295,0.009471238
13300,0.015483975
13301,0.91768897
13307,0.00924623
13309,0.011362016
13312,0.094293535
13314,0.028429925
13316,0.015757978
13317,0.03744769
13321,0.9458231
13322,0.91109216
13323,0.8099749
13327,0.077695966
13329,0.036087334
13330,0.0172109
13331,0.86220443
13332,0.97285813
13335,0.012851417
13336,0.97314566
13341,0.9744944
13344,0.007630706
13345,0.9668004
13349,0.018063605
13350,0.012480617
13355,0.9900422
13356,0.014410675
13359,0.89320487
13360,0.93816733
13361,0.98504126
13362,0.018283308
13363,0.0811041
13364,0.9293152
13366,0.018014431
13368,0.9654701
13371,0.009062171
13372,0.019745052
13373,0.6111148
13374,0.01567322
13375,0.008530974
13376,0.007031262
13378,0.9872356
13383,0.2140463
13384,0.027320385
13386,0.9698661
13392,0.96533877
13393,0.015345573
13394,0.9686817
13395,0.9879524
13397,0.95302504
13398,0.9654341
13399,0.9626285
13400,0.10811758
13401,0.0068393946
13402,0.006766498
13404,0.08610135
13405,0.9541329
13406,0.022443235
13407,0.9696393
13410,0.008855283
13411,0.9540746
13414,0.93900347
13415,0.8703156
13418,0.07612872
13422,0.9750523
13425,0.05716443
13426,0.2830218
13427,0.9515346
13430,0.07418007
13431,0.016809464
13432,0.048954785
13433,0.89596176
13434,0.9807527
13438,0.12049997
13439,0.01777929
13441,0.100396514
13445,0.4898104
13446,0.84329015
13449,0.1287573
13450,0.07683319
13451,0.96234655
13452,0.29116952
13454,0.9265764
13456,0.012783825
13457,0.8802948
13458,0.01497519
13459,0.02898866
13460,0.0120949745
13464,0.7585394
13467,0.965698
13468,0.011620522
13469,0.048065007
13470,0.8343345
13471,0.011603296
13473,0.97838145
13477,0.009264588
13478,0.9612118
13482,0.96201116
13483,0.9155426
13485,0.9632334
13486,0.013899982
13487,0.9860399
13489,0.021957397
13492,0.0619123
13496,0.009196281
13497,0.055211306
13498,0.008840859
13499,0.20350367
13500,0.017134547
13501,0.96097076
13502,0.9460287
13503,0.9692163
13504,0.9612614
13506,0.9624352
13508,0.010452867
13510,0.041570187
13513,0.01195091
13514,0.03991711
13516,0.028544009
13517,0.015142441
13518,0.94612473
13521,0.044626534
13522,0.981196
13523,0.012217939
13525,0.039422393
13527,0.786976
13529,0.015821517
13530,0.9819395
13531,0.9670334
13532,0.96209776
13533,0.9422648
13534,0.9583868
13537,0.9737048
13540,0.01755625
13543,0.008323789
13544,0.14144456
13546,0.9153098
13547,0.93089074
13548,0.0066749454
13553,0.9357618
13554,0.9884395
13555,0.008178711
13557,0.7828609
13558,0.012706757
13564,0.005334258
13565,0.96853936
13567,0.9318079
13568,0.019766271
13571,0.9784008
13572,0.9764126
13574,0.015186012
13576,0.073060095
13577,0.9702762
13582,0.012296975
13583,0.032942593
13587,0.028017104
13589,0.012118816
13590,0.046550393
13591,0.02470851
13592,0.021384597
13593,0.009256065
13594,0.0150027275
13595,0.20840037
13597,0.010720193
13598,0.83921385
13599,0.970882
13600,0.019902408
13601,0.011559248
13603,0.96401614
13604,0.019866586
13607,0.9606826
13611,0.005998075
13614,0.10245222
13617,0.97298497
13618,0.9334996
13620,0.026803792
13621,0.019286335
13622,0.026953459
13625,0.0065410733
13628,0.9645562
13629,0.40680826
13633,0.5962239
13634,0.010872662
13637,0.03490299
13638,0.06294221
13639,0.0077334046
13641,0.023608744
13643,0.20527387
13646,0.026710749
13648,0.121459186
13649,0.7521607
13656,0.016323745
13657,0.061551332
13658,0.0068606734
13659,0.016466558
13660,0.16225725
13661,0.019741774
13663,0.3109027
13665,0.96482956
13666,0.17209536
13668,0.009338677
13671,0.040293753
13672,0.08935475
13673,0.47888
13675,0.019694984
13679,0.010959864
13680,0.9624366
13682,0.018202662
13684,0.45938814
13687,0.022765994
13690,0.9806067
13695,0.008253336
13696,0.8393719
13697,0.96220434
13703,0.011409104
13705,0.008708417
13706,0.019607604
13707,0.013809562
13709,0.015109122
13710,0.92197245
13712,0.9872955
13713,0.8918064
13714,0.019618154
13716,0.95985925
13717,0.98516047
13720,0.42116934
13721,0.9802636
13722,0.026793182
13723,0.084486544
13724,0.016287565
13725,0.06808996
13726,0.9671262
13728,0.6658561
13730,0.012947798
13731,0.959187
13732,0.012400627
13733,0.96710247
13734,0.08888435
13735,0.9678139
13736,0.95015067
13737,0.011308432
13743,0.9631
13746,0.020757794
13747,0.0059900284
13748,0.009254098
13749,0.005420208
13750,0.4791208
13752,0.26100647
13753,0.008559346
13755,0.88741463
13757,0.014967203
13759,0.9843696
13760,0.81814915
13762,0.9736012
13763,0.0065086484
13765,0.016513944
13766,0.32207006
13767,0.9528967
13768,0.02361989
13769,0.5726578
13770,0.0056761503
13771,0.010206699
13772,0.010603309
13773,0.88530886
13776,0.016314507
13778,0.009741783
13780,0.009167731
13781,0.02022928
13782,0.98821205
13783,0.96676743
13784,0.08359802
13789,0.012207806
13790,0.01175046
13791,0.960383
13794,0.022010028
13795,0.025804877
13796,0.007749617
13797,0.013667941
13799,0.96245396
13800,0.09459376
13803,0.069778085
13805,0.054537535
13807,0.074602306
13809,0.96335053
13811,0.88454837
13813,0.9516877
13814,0.007303953
13815,0.9910486
13816,0.95709455
13817,0.013071954
13818,0.07888621
13819,0.026736915
13820,0.9621951
13821,0.02482915
13823,0.9585952
13824,0.9779467
13825,0.9767101
13827,0.01201725
13832,0.966845
13834,0.9669479
13836,0.85415155
13838,0.016189337
13840,0.9913923
13841,0.8317689
13842,0.020659208
13843,0.014580846
13845,0.039467573
13848,0.71628344
13850,0.00932771
13851,0.009606421
13852,0.016133964
13860,0.014674604
13861,0.016170919
13864,0.9632825
13865,0.9647521
13867,0.9756316
13868,0.095010996
13869,0.0120229125
13870,0.012742341
13871,0.11147624
13873,0.04436916
13874,0.027919114
13875,0.03532368
13877,0.43321633
13879,0.13275516
13881,0.08801657
13882,0.017959476
13883,0.69177926
13884,0.006136894
13885,0.007160306
13887,0.05498147
13888,0.9627613
13889,0.93879074
13894,0.08796114
13896,0.019566596
13897,0.9748637
13900,0.9784233
13904,0.9626274
13906,0.3180111
13908,0.86001587
13909,0.02870071
13910,0.030608475
13911,0.0662331
13913,0.64592016
13914,0.15302253
13915,0.9582505
13916,0.049741864
13917,0.97518283
13918,0.9316975
13919,0.026364625
13921,0.012370825
13923,0.016115963
13924,0.0078092217
13926,0.97520477
13927,0.9702271
13928,0.49315566
13929,0.9636381
13930,0.015177369
13931,0.010674596
13932,0.031082213
13933,0.5495006
13936,0.021602035
13937,0.052691817
13938,0.9694144
13939,0.014454544
13943,0.97766495
13945,0.005818069
13946,0.012567759
13948,0.564678
13949,0.9647349
13952,0.009081125
13954,0.9799536
13955,0.97400016
13956,0.03201413
13958,0.94810337
13959,0.037039816
13960,0.94189215
13961,0.16220689
13963,0.054127514
13964,0.081970036
13965,0.089559734
13966,0.96904325
13968,0.022904277
13970,0.96353346
13971,0.019304752
13976,0.0101162195
13977,0.010664165
13979,0.017907262
13980,0.82412523
13982,0.016783655
13984,0.0259974
13985,0.09183866
13986,0.015629113
13987,0.9703932
13988,0.9445093
13990,0.9621702
13992,0.0057573915
13995,0.24672836
13996,0.9720182
13997,0.019827545
13998,0.042618632
14000,0.9711731
14001,0.9337323
14002,0.7480055
14007,0.9657534
14008,0.96668375
14009,0.987314
14010,0.01948154
14011,0.9439625
14014,0.1326468
14018,0.008232355
14020,0.020501196
14022,0.028170824
14024,0.9312704
14025,0.20413548
14026,0.9660617
14030,0.013769567
14031,0.9375136
14032,0.01616919
14033,0.96588236
14034,0.93325365
14036,0.6084447
14037,0.07893914
14039,0.9871249
14040,0.027857125
14041,0.96107686
14042,0.9237062
14043,0.0078725815
14044,0.012441397
14045,0.0073844194
14046,0.010259867
14048,0.04323131
14049,0.18290448
14052,0.04900855
14054,0.007994354
14055,0.9633989
14057,0.008289218
14059,0.0065422654
14065,0.028285861
14066,0.15221226
14072,0.037712097
14073,0.015538275
14074,0.8953008
14075,0.014983416
14076,0.015547454
14079,0.06258124
14080,0.02828902
14082,0.24222195
14083,0.94642586
14084,0.07447046
14086,0.63168514
14090,0.014424443
14091,0.012557685
14092,0.017813683
14094,0.010148764
14096,0.14811414
14097,0.45034933
14098,0.95939153
14099,0.9518607
14100,0.95435154
14102,0.96769243
14103,0.97791666
14104,0.09545398
14105,0.20858794
14107,0.0077857375
14110,0.9678592
14111,0.37036115
14114,0.028236806
14117,0.008680522
14118,0.9689331
14119,0.011344314
14120,0.015174925
14125,0.014384627
14126,0.9555422
14128,0.018681943
14129,0.030467212
14130,0.9050597
14131,0.01025027
14134,0.011477232
14135,0.009484053
14136,0.96616185
14137,0.03850758
14138,0.008529127
14142,0.96705043
14143,0.01793623
14144,0.0142787695
14145,0.105187535
14147,0.0137627125
14150,0.10011929
14151,0.9560622
14153,0.76137453
14154,0.9667647
14155,0.018946946
14156,0.94441795
14159,0.9682352
14161,0.011520803
14162,0.124735
14163,0.9746989
14165,0.00828439
14167,0.014612377
14169,0.017753065
14171,0.049553573
14172,0.016502976
14173,0.8678445
14176,0.009288132
14177,0.9656322
14178,0.037779987
14179,0.15797949
14180,0.006580174
14182,0.77145064
14185,0.015809953
14190,0.011565983
14191,0.010110676
14192,0.011793911
14194,0.008797884
14195,0.74198425
14197,0.97952783
14201,0.12759858
14202,0.018767715
14204,0.02986759
14205,0.970636
14207,0.017068326
14208,0.78553885
14209,0.08200419
14210,0.2695489
14211,0.20949936
14213,0.9663738
14214,0.9646196
14215,0.98041826
14216,0.35078138
14217,0.009533763
14218,0.9755546
14219,0.014324069
14220,0.959521
14222,0.0071157217
14228,0.011379719
14229,0.03742987
14235,0.012647271
14237,0.77766484
14239,0.06421006
14242,0.9584929
14244,0.02141267
14245,0.1182726
14247,0.30387312
14248,0.06112832
14249,0.98346764
14251,0.0089146495
14252,0.014335513
14255,0.008717418
14257,0.9669942
14258,0.012699902
14262,0.046881974
14263,0.13033146
14265,0.014586866
14268,0.85547364
14269,0.071470976
14270,0.9790995
14271,0.9327866
14272,0.020385683
14275,0.9500187
14276,0.95126736
14279,0.031794965
14280,0.96477807
14281,0.016676724
14284,0.008399487
14288,0.06047058
14293,0.0752725
14296,0.0066034794
14297,0.96166396
14298,0.09178096
14299,0.012023032
14300,0.8598564
14302,0.088395655
14305,0.016095221
14307,0.021410763
14308,0.8071328
14309,0.059345543
14311,0.9651965
14313,0.96454364
14314,0.020455003
14315,0.0133059025
14316,0.010234475
14317,0.1526916
14319,0.008787811
14320,0.010976434
14322,0.97480553
14323,0.009676933
14324,0.93768287
14327,0.016886592
14328,0.0279091
14329,0.0155697465
14331,0.02752167
14332,0.011003256
14335,0.012067735
14336,0.14500624
14339,0.98634356
14341,0.04637891
14342,0.021832943
14343,0.8975921
14346,0.013692915
14347,0.96560633
14348,0.9561718
14349,0.0145946145
14350,0.016929567
14352,0.010522664
14354,0.1109584
14356,0.33160102
14359,0.91402054
14360,0.009735107
14366,0.975528
14369,0.015638232
14370,0.009835899
14371,0.9881322
14372,0.0098180175
14374,0.050546825
14377,0.95680225
14378,0.029264629
14380,0.0075604916
14384,0.007216692
14385,0.11338222
14388,0.030466974
14390,0.1225754
14391,0.09937495
14393,0.015643418
14394,0.019346714
14395,0.008435726
14396,0.03649634
14397,0.016244292
14398,0.9563069
14399,0.3125788
14400,0.9670024
14403,0.048460662
14405,0.014088273
14406,0.009762943
14407,0.9608277
14412,0.013748646
14414,0.013293207
14415,0.01327014
14417,0.08730143
14419,0.009984314
14421,0.013201177
14422,0.96937084
14423,0.029180884
14424,0.9699543
14425,0.859836
14427,0.9591146
14428,0.068431556
14429,0.96617764
14431,0.013012767
14433,0.012396514
14434,0.025344312
14435,0.94917154
14436,0.015706599
14437,0.00945425
14439,0.5397513
14441,0.009279251
14442,0.9664542
14443,0.9414997
14444,0.024531484
14445,0.99159664
14446,0.828135
14447,0.013683736
14449,0.014533997
14450,0.030978382
14452,0.10529357
14453,0.9819941
14455,0.016970992
14456,0.9477576
14457,0.010378122
14458,0.0073749423
14459,0.045660257
14462,0.008176148
14464,0.956832
14466,0.010902286
14470,0.041214705
14471,0.012844801
14473,0.01391089
14476,0.017663121
14480,0.98697764
14482,0.10337669
14483,0.05882287
14484,0.6696393
14488,0.028098643
14489,0.0071397424
14491,0.09975237
14493,0.9543693
14494,0.9570064
14497,0.04448515
14498,0.008622885
14499,0.011058629
14500,0.9760816
14502,0.009640455
14503,0.008835375
14506,0.9525764
14507,0.012086809
14508,0.017838717
14509,0.051135957
14510,0.0095175505
14511,0.728987
14515,0.0088226795
14516,0.9580438
14518,0.012040377
14521,0.96301645
14522,0.013517499
14523,0.029236734
14524,0.15123606
14525,0.025259733
14529,0.039461136
14530,0.97450423
14531,0.972191
14532,0.9419778
14534,0.9512116
14535,0.8402947
14536,0.9778703
14539,0.099128604
14540,0.039188802
14541,0.019886732
14542,0.96243054
14543,0.008403957
14544,0.0076607466
14545,0.015720904
14546,0.08045006
14547,0.009169817
14548,0.991686
14549,0.021036267
14550,0.13374126
14553,0.9884361
14554,0.9721189
14556,0.013025999
14557,0.008355081
14560,0.9669757
14566,0.00995791
14567,0.02174455
14568,0.013309717
14570,0.04270214
14571,0.018354118
14574,0.9651801
14575,0.06693387
14577,0.006755054
14578,0.9766031
14580,0.74226594
14581,0.8185573
14582,0.16671991
14584,0.06639284
14585,0.99098325
14586,0.6565777
14587,0.5978645
14590,0.020099342
14591,0.97472435
14593,0.007109046
14594,0.12538028
14595,0.61189455
14596,0.015188456
14601,0.09786284
14602,0.97734076
14603,0.9672312
14605,0.9557253
14606,0.091079235
14607,0.96610415
14608,0.00822562
14610,0.0069334507
14611,0.011236787
14612,0.007372439
14613,0.010864735
14616,0.035912514
14617,0.9683285
14618,0.56904835
14621,0.26424474
14624,0.028566062
14625,0.5028102
14627,0.040099025
14628,0.9542397
14629,0.023391068
14630,0.01115787
14631,0.044144034
14633,0.17178547
14636,0.9618621
14637,0.17170107
14639,0.9689356
14642,0.04287207
14643,0.026319027
14645,0.029083908
14646,0.6369864
14648,0.9782508
14650,0.12753832
14652,0.01481384
14654,0.953913
14655,0.5187198
14657,0.16473001
14659,0.9744703
14660,0.027422667
14662,0.009076536
14663,0.010157168
14664,0.11261356
14665,0.060018957
14666,0.96312606
14668,0.008884549
14672,0.0077257752
14673,0.69703996
14674,0.019037247
14675,0.0082761645
14676,0.98990643
14678,0.006756842
14679,0.9671247
14681,0.9640144
14682,0.012189388
14685,0.93388206
14686,0.122668386
14689,0.96399117
14692,0.014667213
14694,0.007511854
14695,0.011332929
14696,0.008431137
14697,0.019563377
14698,0.017544031
14701,0.96581954
14702,0.9699576
14705,0.9906712
14707,0.88329804
14709,0.013042808
14710,0.01681465
14712,0.955661
14713,0.959873
14715,0.017895877
14716,0.8972314
14717,0.968639
14718,0.96483254
14719,0.9609076
14721,0.95473075
14723,0.03167826
14727,0.022809803
14732,0.1432212
14733,0.9917737
14737,0.0066066384
14738,0.015234709
14741,0.05257541
14743,0.06290233
14744,0.024621606
14746,0.026246965
14747,0.007632315
14748,0.95349044
14749,0.96382505
14753,0.55381507
14754,0.10344386
14755,0.95098114
14757,0.78249097
14758,0.96711385
14759,0.96709627
14760,0.8508463
14764,0.9747238
14766,0.021053553
14767,0.9336065
14768,0.010963261
14769,0.06084603
14770,0.009663582
14771,0.9153805
14773,0.96570086
14775,0.86247945
14776,0.023049176
14777,0.02009958
14778,0.96375
14779,0.93403417
14780,0.013058364
14781,0.007071197
14782,0.068277895
14786,0.7917501
14787,0.0061790347
14789,0.9112289
14790,0.021232724
14791,0.9394816
14792,0.8624678
14793,0.02462858
14794,0.97079974
14795,0.025505424
14797,0.118604064
14799,0.014242411
14801,0.024985313
14802,0.8440931
14803,0.0063254833
14804,0.97197855
14805,0.007928789
14806,0.092410445
14807,0.9718579
14808,0.014062941
14809,0.05782777
14810,0.010232985
14812,0.98207647
14813,0.025637627
14816,0.029378712
14818,0.009121597
14822,0.046690702
14823,0.04696721
14824,0.027070582
14825,0.017347813
14826,0.9871346
14828,0.9660706
14829,0.009643793
14835,0.10909259
14836,0.9631452
14837,0.005948603
14838,0.033839643
14839,0.97664595
14841,0.006113112
14842,0.39872557
14843,0.9711875
14844,0.021763384
14845,0.014287114
14846,0.67418957
14847,0.9757939
14850,0.020778358
14851,0.013013661
14852,0.9033734
14855,0.010954857
14856,0.021201909
14860,0.012719333
14862,0.2904802
14864,0.90327084
14865,0.9901887
14866,0.012738049
14869,0.009279609
14871,0.012884319
14872,0.03572911
14873,0.9660558
14875,0.9474225
14876,0.966585
14879,0.9672952
14881,0.9449387
14882,0.00763911
14884,0.013391316
14885,0.013402998
14886,0.74749434
14887,0.38831455
14892,0.9772813
14894,0.0070788264
14896,0.020296514
14898,0.046095908
14899,0.9188285
14900,0.015216649
14901,0.96408737
14902,0.9913987
14903,0.38883948
14904,0.87441826
14906,0.87488693
14909,0.033981502
14912,0.9665647
14913,0.0120911
14915,0.01833433
14916,0.070688665
14917,0.9851104
14919,0.03646964
14922,0.024245203
14923,0.78510475
14924,0.13708395
14925,0.03169769
14927,0.15872347
14928,0.009469569
14929,0.0073605776
14932,0.9614202
14935,0.025256574
14936,0.02478832
14937,0.1160661
14938,0.9647118
14940,0.9793416
14941,0.29582077
14942,0.052303433
14945,0.010515749
14946,0.040149033
14947,0.27407777
14948,0.92714244
14951,0.9519383
14952,0.016884863
14954,0.01133579
14956,0.0051475167
14957,0.9633209
14958,0.043393493
14960,0.6917143
14962,0.96644026
14964,0.13011634
14966,0.16596246
14967,0.009648144
14970,0.9673285
14972,0.07492089
14977,0.15294725
14978,0.9923221
14981,0.075819075
14987,0.05286801
14988,0.009869993
14990,0.02201438
14991,0.00992775
14992,0.08664155
14993,0.07140994
14994,0.9438281
14995,0.011175334
14996,0.046212494
14997,0.124589205
14998,0.01246804
14999,0.008422732
15001,0.013591409
15002,0.036563814
15005,0.018756568
15006,0.92979074
15008,0.009680629
15009,0.9921958
15012,0.94546825
15013,0.96939135
15014,0.08977997
15015,0.012027144
15017,0.0069187284
15019,0.89604044
15021,0.99012905
15022,0.012586474
15025,0.010696411
15027,0.13924646
15028,0.009222269
15031,0.95581657
15032,0.81742126
15035,0.9652766
15036,0.92617047
15037,0.009994447
15039,0.99023384
15041,0.0069701076
15042,0.07223499
15043,0.9754366
15046,0.94589007
15048,0.96513313
15049,0.0140239
15050,0.016500771
15051,0.0716992
15052,0.9825489
15054,0.9671253
15055,0.017935097
15056,0.9682272
15057,0.98393846
15061,0.085490346
15066,0.018846333
15067,0.9695927
15075,0.00769186
15079,0.03874421
15080,0.16324061
15081,0.010147512
15088,0.013967097
15089,0.1031695
15091,0.96413934
15093,0.06037408
15094,0.066004395
15095,0.19342923
15096,0.96450704
15097,0.0634318
15098,0.010075629
15099,0.02185291
15100,0.74949485
15102,0.9241064
15104,0.022709966
15108,0.99110824
15109,0.67680275
15111,0.075730085
15112,0.02050829
15113,0.96569836
15117,0.8889573
15120,0.97088856
15121,0.65632886
15122,0.014391899
15123,0.96613055
15125,0.9729432
15127,0.9875065
15128,0.99009585
15129,0.9050445
15130,0.973945
15133,0.04676199
15135,0.01245594
15138,0.027783573
15139,0.018157184
15141,0.0063503385
15142,0.94364566
15143,0.99283016
15145,0.03868884
15148,0.02880472
15149,0.9701875
15150,0.010530353
15153,0.08156127
15155,0.045615017
15157,0.015585065
15158,0.026438355
15160,0.010715306
15161,0.9750962
15163,0.60370433
15164,0.94690955
15165,0.96734095
15167,0.010181844
15168,0.024447978
15169,0.9753109
15172,0.0116992
15177,0.070628345
15179,0.033160686
15180,0.04827261
15181,0.964535
15182,0.013216615
15186,0.02097392
15187,0.8882853
15188,0.01764977
15189,0.9597358
15191,0.018015206
15195,0.4252302
15197,0.028489232
15198,0.97040963
15200,0.12645817
15202,0.4340856
15204,0.009519517
15205,0.031785667
15207,0.008388042
15209,0.9524059
15210,0.66817784
15211,0.9664267
15212,0.0166592
15213,0.95433605
15214,0.012085557
15215,0.008594513
15216,0.074596465
15217,0.7999939
15219,0.97086406
15220,0.96725136
15221,0.97088474
15222,0.0726096
15224,0.9366799
15227,0.015259683
15230,0.9667828
15232,0.0099644065
15233,0.035542667
15234,0.011667907
15235,0.13172793
15238,0.007074833
15239,0.0058842897
15240,0.017353237
15242,0.8629985
15245,0.03501743
15246,0.02208066
15247,0.027341008
15248,0.018826663
15249,0.12660855
15250,0.0055786967
15253,0.9598869
15254,0.0064837933
15256,0.20314622
15258,0.9730624
15259,0.00993067
15260,0.005610168
15261,0.14452207
15262,0.9607676
15263,0.0048860908
15265,0.0060790777
15268,0.026334882
15269,0.07872105
15272,0.022275448
15273,0.065764904
15274,0.006570518
15275,0.008386493
15277,0.006608188
15280,0.031276047
15281,0.966884
15282,0.93204474
15288,0.27111685
15290,0.9736416
15291,0.009298205
15292,0.016241372
15293,0.054359853
15296,0.8481462
15298,0.020105302
15299,0.0129573345
15300,0.1443066
15302,0.97563386
15303,0.0125440955
15305,0.012732089
15306,0.027398884
15313,0.9641028
15315,0.04740888
15316,0.97106993
15317,0.03848201
15318,0.09431654
15319,0.0050845146
15320,0.012171626
15321,0.25791115
15322,0.052258074
15324,0.01995176
15325,0.96497923
15326,0.04890114
15327,0.7951289
15329,0.9641472
15331,0.96835506
15332,0.1058594
15333,0.006677091
15335,0.015066922
15336,0.009077132
15338,0.033500016
15339,0.9806078
15340,0.99047554
15341,0.02831465
15342,0.0308429
15343,0.9707565
15344,0.027925968
15345,0.08789945
15346,0.9649895
15349,0.97113264
15350,0.024362326
15351,0.02655816
15354,0.9715914
15355,0.03394848
15356,0.8199841
15358,0.04479611
15360,0.018972158
15362,0.017877817
15363,0.16557473
15364,0.9733921
15366,0.29724926
15367,0.026704848
15369,0.94186795
15371,0.9664836
15373,0.0065633655
15374,0.7762043
15375,0.029004157
15376,0.025175095
15378,0.9698118
15379,0.015622854
15380,0.0077650547
15381,0.11318755
15382,0.01363945
15385,0.026588619
15387,0.95736456
15388,0.6056792
15389,0.9280045
15390,0.96761143
15391,0.014424682
15395,0.96906495
15396,0.014049232
15397,0.018944979
15399,0.9758467
15400,0.008954108
15401,0.017445087
15404,0.04224056
15405,0.008411825
15407,0.9705736
15408,0.9658875
15410,0.026708245
15412,0.85817933
15414,0.011589885
15415,0.113732696
15416,0.5704123
15421,0.0074626803
15422,0.09669137
15423,0.17207152
15424,0.009910226
15427,0.71530384
15428,0.4549489
15429,0.08033466
15430,0.18897438
15431,0.96447664
15434,0.014944077
15435,0.13816446
15436,0.94602334
15438,0.96204966
15439,0.97764266
15440,0.9720947
15441,0.8912701
15442,0.053420007
15444,0.0068175197
15445,0.009340644
15447,0.0069311857
15448,0.06858599
15449,0.0067418814
15452,0.013353705
15453,0.97174543
15455,0.9416118
15456,0.040976107
15457,0.6411196
15458,0.96817786
15459,0.01657641
15460,0.015255034
15462,0.03220743
15463,0.12102848
15465,0.8285245
15466,0.06703079
15467,0.01951927
15471,0.021274865
15472,0.017056942
15474,0.11074859
15475,0.3955952
15476,0.029090881
15477,0.96135575
15478,0.011552155
15480,0.0560053
15481,0.9086476
15482,0.019050777
15483,0.7341656
15485,0.9792131
15486,0.9587525
15487,0.05099404
15491,0.23757058
15492,0.019791007
15493,0.022834182
15497,0.007566929
15499,0.020525992
15501,0.031546593
15503,0.97058886
15506,0.16218638
15507,0.91844916
15508,0.9750521
15510,0.96502686
15511,0.009660184
15512,0.031786203
15514,0.0153236985
15516,0.9693125
15518,0.012034237
15519,0.015461206
15520,0.0070721507
15523,0.0061036944
15524,0.57415104
15526,0.9701229
15527,0.008313
15529,0.14214438
15530,0.9714793
15531,0.044349015
15532,0.13310027
15534,0.9369818
15536,0.010713518
15538,0.9668187
15539,0.1373437
15540,0.8841498
15541,0.043994844
15542,0.024504006
15544,0.1018191
15545,0.07257402
15546,0.061712146
15547,0.96863633
15548,0.02095139
15551,0.9550816
15552,0.044958055
15553,0.97127944
15554,0.5158522
15555,0.96952355
15557,0.13123184
15558,0.15938962
15559,0.023829162
15560,0.12352371
15561,0.9692798
15564,0.9721846
15565,0.9669431
15568,0.052660406
15569,0.98716444
15570,0.08516431
15571,0.0058764815
15572,0.010520995
15573,0.3914026
15575,0.8440793
15576,0.9626651
15578,0.05068022
15581,0.025722325
15582,0.10109246
15583,0.15611547
15584,0.9764547
15587,0.38961238
15588,0.013665557
15589,0.96065927
15591,0.98743415
15592,0.03329009
15593,0.95018786
15594,0.008455157
15595,0.72704256
15599,0.09588313
15601,0.08073425
15610,0.76751995
15612,0.08094281
15614,0.12332386
15616,0.030866742
15617,0.088389695
15618,0.032959282
15619,0.019156039
15620,0.8405865
15621,0.12075025
15623,0.021897137
15624,0.14660615
15625,0.0074956417
15630,0.9609026
15631,0.9912244
15634,0.91283286
15635,0.97035253
15636,0.020970225
15640,0.96824515
15641,0.58583677
15642,0.019408524
15644,0.007484257
15646,0.60368526
15647,0.0434286
15649,0.9632841
15650,0.23581791
15652,0.017433524
15653,0.96622014
15657,0.02441758
15658,0.9354763
15660,0.1350671
15661,0.9872801
15662,0.9875903
15663,0.018757224
15666,0.97102255
15667,0.89136606
15670,0.96367776
15671,0.9669051
15672,0.010143757
15673,0.9648922
15674,0.006917
15677,0.9692972
15679,0.0098106265
15680,0.95726144
15681,0.94539964
15683,0.048528314
15684,0.12965238
15686,0.96254706
15688,0.053967953
15689,0.04840368
15690,0.032240152
15691,0.10622609
15693,0.9666233
15694,0.9125494
15695,0.99077207
15697,0.9402482
15698,0.01638037
15701,0.025919914
15702,0.1137355
15703,0.6749394
15704,0.882578
15705,0.11342162
15707,0.008853972
15708,0.043059647
15710,0.96770114
15711,0.009509087
15712,0.007324755
15714,0.9673343
15715,0.96671176
15716,0.21496248
15717,0.36545277
15720,0.021992505
15721,0.025552213
15722,0.9534294
15723,0.012679338
15724,0.0076398253
15725,0.6382941
15727,0.016947031
15728,0.03166908
15730,0.10043484
15731,0.9705598
15732,0.65959835
15734,0.016876757
15735,0.85835433
15737,0.026272118
15738,0.13282913
15739,0.24815643
15740,0.11979002
15741,0.9730097
15742,0.028870285
15743,0.13395166
15745,0.06969166
15747,0.93331313
15752,0.050002515
15753,0.99192035
15754,0.21565038
15755,0.96468306
15756,0.035619617
15757,0.0077539086
15758,0.46949786
15759,0.015392959
15763,0.5927558
15764,0.034454286
15765,0.55933034
15766,0.9715884
15767,0.055224597
15768,0.24138874
15770,0.9297839
15771,0.17304218
15774,0.019574046
15775,0.035378158
15779,0.7028013
15780,0.30575693
15781,0.010795116
15782,0.044389844
15783,0.9677603
15785,0.01681006
15786,0.66159725
15788,0.937499
15790,0.097031236
15791,0.9594842
15792,0.98345864
15794,0.55812323
15796,0.790456
15797,0.01453644
15802,0.00932759
15803,0.97000444
15806,0.02431488
15812,0.95869726
15813,0.103419125
15814,0.96445453
15817,0.016864538
15821,0.83118486
15822,0.9677797
15823,0.0079113245
15826,0.006324351
15828,0.028149843
15829,0.9765793
15830,0.9652592
15832,0.07369435
15833,0.009702623
15834,0.97003925
15837,0.052001655
15839,0.045106113
15842,0.9686795
15843,0.95495516
15844,0.016897976
15845,0.013556123
15846,0.022118032
15847,0.122595906
15848,0.022777617
15849,0.97023845
15851,0.34199506
15855,0.9214942
15856,0.6834917
15857,0.10063976
15858,0.09257567
15859,0.07617879
15860,0.9890428
15861,0.8936149
15862,0.07506502
15865,0.009731948
15867,0.05648458
15869,0.9906271
15870,0.9662717
15871,0.10735351
15872,0.96971476
15874,0.07163906
15875,0.024020612
15876,0.9726105
15877,0.1422708
15879,0.09611964
15881,0.9619764
15882,0.47794628
15883,0.9232926
15884,0.2149015
15885,0.006380737
15887,0.08266723
15892,0.8736143
15893,0.015274823
15894,0.19107354
15895,0.011558175
15896,0.0087887645
15897,0.88567746
15899,0.80353713
15900,0.38657707
15901,0.9348097
15902,0.96965915
15903,0.028792143
15904,0.9701303
15905,0.008444488
15906,0.69760704
15908,0.044688642
15911,0.7153417
15912,0.96136427
15913,0.0364362
15914,0.5716652
15915,0.18002105
15916,0.014077306
15918,0.111878395
15919,0.9650763
15920,0.088430524
15921,0.94961655
15923,0.9707682
15925,0.021780252
15928,0.018930972
15929,0.031287134
15931,0.047686994
15937,0.13814712
15938,0.97271067
15939,0.013644874
15940,0.95130306
15945,0.98076665
15946,0.012625992
15954,0.9673057
15956,0.2420792
15957,0.9556639
15959,0.61802375
15961,0.88192636
15964,0.061367452
15965,0.8870839
15966,0.58254915
15967,0.9732095
15968,0.012644231
15971,0.9903762
15972,0.8326185
15974,0.15446734
15975,0.9752823
15976,0.81287307
15977,0.064272285
15979,0.11055428
15980,0.87582254
15981,0.96840465
15982,0.87053245
15985,0.9732245
15986,0.10564369
15987,0.024417102
15989,0.008670092
15990,0.85840553
15991,0.18092304
15994,0.9692955
15995,0.9762021
15997,0.2958886
15998,0.20072097
15999,0.96778107
16000,0.29655725
16001,0.0107139945
16002,0.057229817
16003,0.9699997
16005,0.08309448
16006,0.97335076
16007,0.22309816
16008,0.01380223
16009,0.03228998
16011,0.95792973
16014,0.019070506
16016,0.96229774
16018,0.07654834
16020,0.012944818
16023,0.005804062
16025,0.9712212
16026,0.9695752
16027,0.72590184
16028,0.96704173
16029,0.96879566
16030,0.8716557
16031,0.9672955
16032,0.9681494
16033,0.046714008
16037,0.06954324
16038,0.9697781
16039,0.9727071
16040,0.056608915
16041,0.35286486
16043,0.9271313
16044,0.9728697
16046,0.95936996
16048,0.008487165
16051,0.052059412
16052,0.9270394
16053,0.6619502
16054,0.43077463
16057,0.39097828
16058,0.9663223
16061,0.8836513
16062,0.5863068
16063,0.94830334
16065,0.8849309
16068,0.152085
16070,0.13868684
16071,0.9779972
16073,0.9862174
16075,0.964819
16076,0.049860716
16079,0.960302
16080,0.75109994
16083,0.97913444
16084,0.0089203715
16085,0.93881965
16086,0.47270292
16089,0.04773748
16093,0.05787915
16095,0.9581133
16096,0.009961367
16098,0.01719594
16099,0.08503544
16103,0.012019575
16104,0.03761065
16105,0.1548413
16108,0.96865815
16109,0.01905626
16110,0.1339851
16111,0.96843505
16113,0.9741495
16114,0.046708465
16115,0.096701086
16116,0.020724535
16118,0.03188044
16122,0.9748584
16125,0.9522299
16127,0.98064125
16128,0.98471713
16130,0.13245529
16131,0.060207784
16133,0.9571659
16134,0.17518306
16135,0.8406843
16136,0.060269356
16139,0.064961016
16140,0.9807005
16141,0.8040278
16142,0.8566478
16143,0.89239025
16144,0.902564
16145,0.006592989
16146,0.9663438
16147,0.96501744
16150,0.963559
16151,0.93745196
16152,0.970422
16154,0.031923234
16155,0.97612375
16156,0.04359263
16159,0.6419464
16161,0.06989217
16162,0.08457416
16164,0.22799116
16166,0.08453369
16167,0.0065482855
16170,0.9469773
16173,0.96488523
16174,0.23388833
16176,0.20334876
16177,0.015746534
16178,0.0068237185
16179,0.99177575
16181,0.16808212
16182,0.96512115
16183,0.009894311
16184,0.96902233
16186,0.006540835
16187,0.9640848
16189,0.07518208
16190,0.9696771
16191,0.87090075
16192,0.9610964
16194,0.8908201
16195,0.034383357
16196,0.9644145
16199,0.6265793
16200,0.3299808
16203,0.9707032
16204,0.9556981
16205,0.12171829
16206,0.9550692
16207,0.060425997
16208,0.95796466
16210,0.11274165
16211,0.7721504
16212,0.99173635
16213,0.83351934
16214,0.013665855
16215,0.96495
16217,0.038552105
16220,0.78777134
16222,0.16135967
16226,0.015426934
16230,0.007753134
16231,0.017848015
16232,0.95124596
16233,0.9176869
16234,0.008027434
16235,0.97446513
16236,0.9624819
16238,0.017169595
16241,0.007833481
16243,0.009999573
16244,0.9921417
16245,0.971759
16247,0.96364146
16248,0.023322165
16250,0.88580406
16252,0.71046495
16253,0.9611145
16256,0.97454023
16257,0.98255295
16258,0.018738866
16259,0.02913922
16260,0.007690549
16262,0.012510359
16263,0.0069689155
16265,0.057384133
16266,0.89924484
16267,0.96759367
16268,0.10268265
16269,0.32333744
16270,0.0061666965
16273,0.86797094
16274,0.01002264
16275,0.9652944
16276,0.0074272156
16278,0.008968949
16282,0.076440394
16283,0.018438756
16284,0.020514488
16287,0.012268722
16288,0.008949876
16290,0.008702397
16291,0.07660872
16292,0.9630769
16293,0.016222715
16294,0.009000897
16296,0.008148372
16297,0.9805051
16299,0.88051164
16302,0.00946641
16304,0.99141866
16305,0.36636955
16307,0.005168617
16309,0.12544829
16310,0.009587467
16311,0.01507467
16313,0.91786444
16315,0.011568129
16316,0.90755147
16317,0.90351063
16318,0.010212779
16319,0.022251725
16320,0.012590587
16321,0.011957407
16322,0.015283585
16323,0.1765449
16324,0.9691321
16326,0.009619951
16327,0.0733518
16328,0.17429554
16329,0.008715868
16332,0.8747043
16334,0.017803788
16335,0.0148073435
16336,0.014001846
16337,0.9674357
16338,0.12051666
16339,0.122985005
16340,0.01072371
16341,0.04240638
16342,0.08968407
16343,0.0440104
16344,0.91977185
16346,0.19205904
16347,0.035553873
16348,0.008667052
16352,0.07777959
16356,0.010918498
16358,0.006295383
16359,0.04429543
16360,0.96941495
16361,0.9449439
16363,0.01303339
16365,0.07449752
16370,0.9408456
16371,0.017628908
16372,0.9621932
16373,0.015349507
16374,0.20149726
16375,0.5555408
16377,0.0094611645
16378,0.071848035
16379,0.0069871545
16380,0.00873512
16381,0.009111166
16382,0.007913649
16383,0.91864747
16387,0.98830307
16388,0.029697478
16391,0.017035782
16392,0.96956354
16393,0.110242486
16396,0.97618806
16398,0.9441089
16400,0.91062057
16401,0.022254348
16402,0.049652815
16404,0.012845635
16406,0.013589084
16408,0.056757092
16409,0.9681108
16412,0.006202638
16414,0.04095286
16417,0.006306231
16418,0.94949883
16420,0.010780871
16421,0.008782625
16423,0.9602708
16424,0.12781566
16425,0.96791106
16428,0.04075378
16430,0.02086991
16432,0.0059845448
16434,0.03459233
16435,0.004993558
16437,0.7170867
16438,0.022648513
16440,0.017115355
16441,0.008507073
16442,0.9629135
16443,0.027865708
16444,0.008719504
16445,0.9796769
16446,0.9563883
16447,0.97046864
16448,0.99265313
16449,0.98069626
16450,0.008164227
16451,0.00941366
16452,0.012238979
16453,0.012327731
16455,0.86943954
16456,0.017706215
16458,0.0064669847
16459,0.10440439
16460,0.057611167
16461,0.96191144
16462,0.9572889
16464,0.3909797
16465,0.96934044
16466,0.066117585
16468,0.047033787
16469,0.9754763
16471,0.9569075
16473,0.9598778
16474,0.014464855
16475,0.05150169
16477,0.036779642
16479,0.010669649
16480,0.9418563
16481,0.03559476
16482,0.009960115
16484,0.012006879
16485,0.81184846
16487,0.01027745
16488,0.9557928
16489,0.009155214
16490,0.99031186
16495,0.006826818
16496,0.8900165
16499,0.97791076
16501,0.091980636
16502,0.9663321
16504,0.08486736
16505,0.11058569
16509,0.9544884
16510,0.014485598
16512,0.01541537
16513,0.79601955
16514,0.008889079
16515,0.008116841
16516,0.98082465
16518,0.011096418
16519,0.017063856
16520,0.008026123
16522,0.010944009
16523,0.012631595
16524,0.084854126
16525,0.61931217
16526,0.009801865
16528,0.087549806
16529,0.03852576
16531,0.010742128
16532,0.8535629
16533,0.9910512
16534,0.07775068
16535,0.01344049
16536,0.8989563
16538,0.81473
16539,0.012683749
16541,0.96692586
16544,0.0147627
16546,0.8627472
16548,0.008944154
16549,0.015455127
16551,0.05261159
16554,0.012063682
16555,0.009740174
16556,0.67257774
16557,0.060352087
16558,0.92700684
16559,0.9661881
16561,0.01879567
16562,0.961964
16564,0.9699872
16565,0.0067843795
16566,0.028198719
16568,0.13796574
16571,0.9760515
16572,0.9734865
16573,0.9729319
16574,0.01126951
16575,0.010169566
16576,0.8882519
16577,0.033626497
16578,0.9765689
16581,0.9675138
16584,0.8001089
16585,0.0060207844
16586,0.13402426
16588,0.02296722
16589,0.012891173
16590,0.011811018
16591,0.017617762
16592,0.9643778
16593,0.0068101287
16594,0.029444516
16595,0.116812944
16596,0.8440723
16598,0.966207
16600,0.12515336
16603,0.970751
16605,0.10873532
16606,0.9645121
16610,0.010100424
16611,0.97302836
16612,0.009853184
16613,0.008167267
16616,0.09701598
16619,0.96741205
16620,0.14612657
16622,0.00584054
16626,0.3316759
16630,0.02486962
16631,0.15148532
16634,0.012499988
16635,0.9911258
16636,0.007291734
16638,0.026595175
16640,0.013347983
16644,0.012109816
16646,0.021003246
16647,0.04801315
16648,0.019512117
16649,0.9637944
16652,0.0067394376
16653,0.11863798
16657,0.011893392
16658,0.009088039
16660,0.021244407
16662,0.024665296
16665,0.013847232
16666,0.961465
16668,0.011033714
16670,0.9905018
16671,0.9530703
16672,0.0132805705
16673,0.019695342
16674,0.043706
16675,0.007608235
16676,0.9558891
16678,0.88595414
16680,0.019718587
16681,0.9627797
16684,0.9658766
16685,0.08038968
16687,0.01634729
16688,0.963733
16689,0.01700306
16691,0.0065051913
16692,0.9668772
16694,0.96117353
16695,0.017985106
16696,0.009724975
16697,0.9536892
16698,0.015889764
16700,0.97046584
16701,0.9698044
16703,0.91823494
16704,0.010569811
16705,0.011786342
16707,0.9646195
16708,0.08085549
16709,0.7260736
16710,0.075282216
16711,0.05013299
16713,0.021353543
16715,0.024686754
16716,0.26441324
16717,0.9180857
16718,0.008283079
16719,0.03554684
16720,0.0065410733
16721,0.95365393
16722,0.08227342
16723,0.16590065
16724,0.61354876
16725,0.019355774
16726,0.09823328
16727,0.012059689
16728,0.010185003
16733,0.97446805
16734,0.008320153
16735,0.010744095
16740,0.95883656
16744,0.016416132
16746,0.02326417
16747,0.17132664
16748,0.19696808
16749,0.006579697
16750,0.34168732
16751,0.08225328
16752,0.020688832
16753,0.030647397
16754,0.10977113
16755,0.655768
16756,0.98487353
16757,0.008421063
16758,0.97552854
16760,0.70189697
16761,0.00977695
16763,0.01996702
16766,0.98061806
16767,0.007883012
16768,0.78085554
16769,0.052264035
16771,0.012064815
16772,0.66658306
16773,0.8730869
16775,0.24497116
16776,0.03864187
16777,0.36630273
16779,0.021527767
16780,0.14067483
16781,0.022782981
16782,0.022926807
16783,0.95374584
16784,0.017168105
16786,0.046783328
16787,0.96472955
16788,0.008823872
16790,0.12203318
16791,0.014588952
16792,0.76560634
16794,0.016664386
16795,0.98004866
16797,0.014448404
16799,0.01079613
16800,0.08058834
16801,0.037139535
16803,0.96557385
16804,0.015887797
16805,0.013059795
16808,0.008146167
16810,0.09211153
16811,0.036323786
16812,0.018416941
16813,0.061095417
16815,0.007849693
16816,0.89825153
16817,0.48356515
16818,0.010442078
16820,0.018704653
16821,0.5870166
16822,0.009555161
16823,0.016700327
16824,0.95945567
16825,0.02154988
16826,0.007600248
16830,0.5933362
16832,0.9688418
16833,0.033218443
16834,0.932006
16835,0.98661095
16837,0.99147713
16838,0.870009
16842,0.013580859
16843,0.9891939
16844,0.1326645
16845,0.013117969
16846,0.017644703
16847,0.021125376
16849,0.96844894
16852,0.035500526
16853,0.014443696
16854,0.04508382
16855,0.96940035
16856,0.00643754
16857,0.009524286
16858,0.010121107
16859,0.59235996
16860,0.9680737
16861,0.0077800155
16867,0.015254021
16868,0.013365388
16871,0.4211563
16872,0.029999614
16873,0.02324444
16874,0.012082398
16875,0.013688505
16876,0.95007557
16877,0.0066050887
16878,0.8265765
16879,0.007811904
16880,0.0122894645
16881,0.9601069
16883,0.010167956
16885,0.9648416
16886,0.01683104
16888,0.009590745
16889,0.017869651
16890,0.012040615
16892,0.028345168
16893,0.009184837
16894,0.016863644
16896,0.96292853
16897,0.026856065
16899,0.009151697
16900,0.96578944
16901,0.011426449
16902,0.033171535
16903,0.028303206
16904,0.03664726
16905,0.33090436
16908,0.0060999393
16909,0.9339845
16910,0.059823632
16911,0.8145914
16912,0.9577488
16913,0.03772241
16914,0.30545282
16916,0.036477387
16917,0.9703231
16918,0.019197106
16919,0.032132506
16920,0.07320362
16922,0.17447728
16923,0.97142583
16924,0.97369283
16926,0.021706998
16927,0.006791413
16928,0.011545837
16929,0.08842337
16930,0.97515696
16931,0.01729256
16933,0.07135934
16934,0.9745498
16935,0.7596211
16936,0.014130712
16937,0.974401
16938,0.967921
16939,0.9737895
16940,0.052974045
16941,0.95396316
16942,0.96477604
16943,0.017465293
16944,0.94376326
16947,0.9800406
16948,0.060277462
16949,0.01960677
16950,0.007032156
16953,0.012043297
16954,0.068846405
16956,0.019489586
16958,0.98080045
16959,0.011711776
16960,0.9648669
16962,0.038469315
16964,0.97166705
16966,0.10507804
16967,0.010167241
16971,0.006616056
16972,0.16701907
16973,0.012460351
16974,0.03935343
16975,0.5356943
16976,0.043111622
16979,0.008530974
16980,0.7300209
16983,0.97578204
16984,0.96996313
16986,0.055731535
16987,0.45333385
16988,0.012968481
16989,0.013304114
16990,0.014261603
16992,0.9678351
16994,0.9165257
16997,0.9670584
16999,0.8408421
17000,0.07657969
17001,0.9662554
17002,0.017312586
17003,0.0062247515
17004,0.011721253
17007,0.8000134
17011,0.009484768
17012,0.970863
17015,0.019690573
17017,0.90745443
17018,0.5286092
17019,0.02158755
17023,0.9797927
17024,0.013745785
17025,0.01644212
17026,0.9699356
17027,0.5927726
17028,0.9704744
17029,0.009058058
17030,0.97791535
17031,0.9691513
17032,0.013519168
17033,0.019261241
17036,0.9664797
17037,0.9229588
17038,0.965327
17039,0.012094259
17040,0.023456633
17041,0.16033489
17042,0.0094438195
17043,0.014527142
17045,0.914144
17048,0.97723544
17051,0.04832834
17053,0.01170969
17054,0.010008335
17055,0.13858324
17057,0.99130887
17058,0.009790063
17059,0.010838032
17060,0.80798864
17061,0.08529675
17062,0.02907157
17063,0.94809806
17065,0.007678449
17067,0.16061187
17068,0.0149694085
17069,0.026192367
17070,0.012037218
17071,0.8494369
17073,0.0745582
17074,0.016877353
17075,0.007949173
17076,0.019545734
17079,0.0048016906
17080,0.95603216
17081,0.30034477
17083,0.025232673
17085,0.004696727
17086,0.013579249
17087,0.017426431
17089,0.13147473
17092,0.9697677
17093,0.97456634
17096,0.97740674
17097,0.18848151
17098,0.0075764656
17136,0.07724875
17137,0.017922759
17138,0.06540072
17139,0.007294476
17142,0.7277764
17144,0.2623068
17145,0.07990229
17146,0.006226599
17149,0.94391465
17151,0.9637217
17152,0.012028992
17154,0.952502
17155,0.03064245
17156,0.43838143
17157,0.9205783
17159,0.009673297
17161,0.95970917
17162,0.9298309
17163,0.9643426
17164,0.9392716
17165,0.06946558
17166,0.010667324
17167,0.008897901
17168,0.9651932
17169,0.96456945
17170,0.080182254
17171,0.0150386095
17172,0.032249093
17174,0.04535377
17175,0.9545665
17176,0.9494716
17177,0.88631856
17178,0.9682237
17179,0.010693729
17180,0.9837392
17182,0.01544565
17183,0.12153959
17184,0.9706141
17185,0.9777179
17186,0.97026986
17190,0.052885413
17192,0.8536849
17193,0.9362077
17195,0.94321656
17196,0.9687122
17197,0.028328419
17198,0.054778874
17199,0.019851565
17200,0.0073627234
17202,0.65236336
17203,0.0061140656
17207,0.020700872
17208,0.10362071
17209,0.9628357
17212,0.98406225
17214,0.074445784
17215,0.97144324
17216,0.056727827
17217,0.09257823
17218,0.9706783
17219,0.98128957
17220,0.09324837
17221,0.02292043
17223,0.9545666
17224,0.9275738
17225,0.26388198
17226,0.096463144
17229,0.026299298
17230,0.013475418
17231,0.96565986
17232,0.11993986
17233,0.9665955
17235,0.029444396
17236,0.010065496
17237,0.9756025
17238,0.9879587
17240,0.96899855
17243,0.9721341
17244,0.9494821
17245,0.97682285
17246,0.008494675
17248,0.02319181
17249,0.008413553
17250,0.013554871
17251,0.3897084
17252,0.16434342
17253,0.7916193
17254,0.7036092
17255,0.07714552
17256,0.011205971
17257,0.9403397
17258,0.9890773
17259,0.65181565
17262,0.087878406
17264,0.012479544
17265,0.9692369
17266,0.15524006
17267,0.032975018
17268,0.9695512
17269,0.63579
17272,0.069945514
17273,0.007792294
17274,0.04206115
17275,0.9003704
17276,0.086102545
17277,0.9680776
17278,0.9712163
17281,0.8304399
17282,0.94173473
17283,0.007883966
17285,0.010464847
17287,0.96456385
17289,0.9698685
17291,0.77335954
17295,0.93357325
17297,0.018853664
17299,0.13604069
17301,0.61138266
17303,0.026340663
17304,0.9163821
17305,0.93204606
17307,0.070973575
17310,0.9423235
17311,0.08513558
17315,0.97137225
17316,0.22500461
17318,0.006757915
17319,0.9753326
17320,0.009532869
17322,0.9600182
17323,0.0260697
17324,0.9548658
17325,0.85897344
17326,0.012352347
17327,0.40387827
17328,0.86176646
17330,0.022033572
17331,0.076471984
17332,0.96805
17333,0.009454727
17336,0.9718732
17337,0.097236335
17339,0.903088
17341,0.029061317
17342,0.9296896
17343,0.9851098
17344,0.974888
17345,0.028701365
17347,0.94917494
17348,0.02186203
17349,0.006193638
17355,0.97582406
17356,0.15373379
17358,0.9638399
17359,0.02109158
17360,0.959939
17362,0.73059285
17364,0.07638234
17365,0.95735353
17366,0.011884093
17367,0.010084391
17368,0.6032556
17369,0.020427167
17370,0.90317464
17372,0.98576844
17374,0.9701703
17376,0.0066614747
17377,0.19954753
17380,0.00878197
17381,0.009866953
17382,0.010994375
17384,0.86724675
17385,0.010641098
17388,0.039197505
17389,0.07481778
17390,0.7790746
17391,0.1645217
17392,0.17240441
17394,0.08452821
17396,0.9754174
17399,0.62419546
17400,0.015254796
17402,0.9592175
17403,0.96869344
17405,0.96788037
17408,0.29113293
17409,0.06591076
17411,0.0054840446
17413,0.023036838
17414,0.9679242
17415,0.9707272
17417,0.056296587
17418,0.03922236
17419,0.96345425
17420,0.96975505
17421,0.05783111
17424,0.86957145
17425,0.0076214075
17428,0.973139
17429,0.97306675
17432,0.113412976
17433,0.9336133
17434,0.015181065
17436,0.9112005
17437,0.026910007
17439,0.9685614
17440,0.03389597
17443,0.9290726
17444,0.9341058
17445,0.047539175
17446,0.0053519607
17447,0.5006448
17449,0.10365957
17451,0.68329334
17452,0.031059206
17453,0.0341807
17454,0.96262914
17455,0.09496868
17456,0.007868826
17457,0.89295125
17458,0.30862212
17459,0.96271926
17460,0.046672583
17462,0.9668799
17463,0.96746004
17465,0.03972888
17466,0.060619056
17470,0.9699346
17472,0.02242434
17473,0.26941764
17474,0.9261994
17475,0.47306436
17477,0.01756233
17478,0.34140962
17479,0.03335905
17480,0.033681154
17481,0.055302024
17482,0.94340855
17483,0.011289418
17484,0.9674168
17485,0.031873584
17486,0.96479166
17488,0.012187421
17489,0.02923417
17490,0.97247016
17491,0.96338856
17493,0.9638593
17496,0.011216581
17497,0.966463
17498,0.9888829
17499,0.8900511
17500,0.052332163
17501,0.97010416
17502,0.94513375
17503,0.96537524
17504,0.9527555
17505,0.96648914
17506,0.0067901015
17507,0.9562818
17508,0.038814485
17510,0.01871866
17511,0.41578108
17512,0.020014882
17514,0.9761451
17515,0.9868425
17516,0.011747897
17517,0.15655136
17519,0.96769977
17521,0.052782
17523,0.060869575
17524,0.9701048
17526,0.96631074
17528,0.020280838
17530,0.21063781
17532,0.17267084
17534,0.97189707
17535,0.02904743
17536,0.97466636
17538,0.27715224
17539,0.035909116
17541,0.01165545
17543,0.8429463
17544,0.9660225
17547,0.9652099
17549,0.0903092
17550,0.018170476
17551,0.9173519
17552,0.98782444
17557,0.30260235
17558,0.21731591
17559,0.01573211
17560,0.06697798
17561,0.9556564
17562,0.958571
17565,0.060929477
17566,0.9631761
17567,0.9892237
17569,0.932576
17571,0.035868406
17572,0.93486047
17573,0.20458108
17574,0.1034199
17575,0.039624095
17577,0.006916523
17578,0.24961823
17579,0.008757472
17580,0.056928456
17582,0.2695999
17583,0.010943651
17584,0.08687192
17586,0.8394825
17587,0.016017854
17589,0.9744628
17590,0.10907704
17591,0.97196424
17593,0.12836558
17594,0.011692226
17595,0.024646103
17599,0.070087135
17601,0.9908917
17602,0.006535828
17603,0.92912483
17604,0.096389174
17607,0.09322572
17608,0.017922997
17609,0.34937662
17611,0.32117766
17612,0.0082286
17613,0.96890783
17614,0.089381754
17616,0.50358486
17617,0.014459312
17618,0.19569016
17619,0.009219825
17620,0.9710202
17622,0.022663772
17623,0.9643716
17624,0.03666812
17625,0.040245116
17626,0.045244038
17627,0.1037547
17628,0.038559675
17631,0.96713173
17632,0.8740998
17633,0.010745645
17634,0.99099517
17635,0.9775819
17636,0.9013585
17638,0.9722746
17639,0.9826886
17640,0.0700587
17643,0.97584486
17644,0.050494015
17645,0.4071774
17648,0.007646501
17649,0.010977626
17650,0.96693516
17651,0.95363003
17652,0.9781673
17653,0.97488827
17654,0.45773017
17655,0.008030951
17656,0.015388191
17657,0.08832568
17658,0.95311165
17659,0.83459854
17660,0.008529484
17661,0.9532834
17663,0.07550913
17665,0.04410857
17666,0.9864102
17668,0.9652711
17670,0.47461808
17671,0.7578861
17673,0.0057376623
17675,0.016986787
17676,0.9499832
17677,0.6502525
17679,0.014176846
17680,0.0074487925
17681,0.10847533
17682,0.015504897
17683,0.073978364
17685,0.016203463
17686,0.96743804
17687,0.79918945
17695,0.9682635
17696,0.0063738823
17697,0.012148023
17698,0.11376977
17699,0.9092627
17705,0.31141526
17706,0.00882715
17707,0.018790305
17712,0.9307342
17713,0.7647325
17714,0.005523145
17715,0.09672934
17716,0.9635074
17718,0.02218026
17719,0.65427434
17723,0.038715363
17724,0.9671104
17725,0.16874921
17728,0.0225541
17729,0.97394097
17730,0.7010954
17731,0.96234816
17733,0.03266257
17737,0.8763589
17740,0.090703666
17741,0.9636942
17747,0.025334
17749,0.99026155
17750,0.96949005
17751,0.95696956
17752,0.18996012
17753,0.013032734
17755,0.079554796
17756,0.08197135
17758,0.021540761
17761,0.9786033
17766,0.5526942
17767,0.36763912
17768,0.020036876
17771,0.93220663
17776,0.96512353
17777,0.973556
17778,0.3198514
17782,0.9358045
17783,0.040695965
17785,0.01613164
17786,0.0076999664
17787,0.95795286
17788,0.96568036
17789,0.8789001
17790,0.059132397
17791,0.6779021
17793,0.9695982
17794,0.5688972
17795,0.02087742
17796,0.017799973
17797,0.029996812
17799,0.011085212
17800,0.008979142
17802,0.14198607
17803,0.017300844
17804,0.8639386
17805,0.95546216
17806,0.2994086
17816,0.011830211
17817,0.011910737
17818,0.11277038
17819,0.9301872
17821,0.30012316
17822,0.81230015
17827,0.5277456
17831,0.2609948
17832,0.019930124
17835,0.8855009
17836,0.97435844
17839,0.94436824
17840,0.9758794
17843,0.013826847
17844,0.03032726
17845,0.18491745
17846,0.026884496
17850,0.03785783
17851,0.24939173
17852,0.98960465
17854,0.9648525
17857,0.52506423
17858,0.022115052
17860,0.8675271
17861,0.53461546
17862,0.96502876
17869,0.095487
17870,0.03352964
17871,0.7183303
17872,0.9094105
17874,0.029103816
17875,0.9726207
17876,0.9020202
17878,0.98806024
17880,0.9672483
17881,0.93904716
17882,0.022670269
17883,0.87870777
17884,0.032580554
17889,0.05339074
17893,0.39378673
17895,0.95688796
17896,0.96663755
17898,0.96389157
17899,0.020769298
17901,0.020939827
17902,0.9669539
17903,0.0274356
17904,0.15468657
17905,0.9890458
17907,0.9584801
17909,0.05558902
17912,0.9635773
17913,0.9641413
17914,0.11685681
17915,0.88848567
17916,0.97265667
17919,0.93783224
17921,0.08380222
17925,0.018896818
17926,0.94117755
17928,0.9753718
17929,0.9628432
17930,0.95344293
17934,0.7913019
17935,0.9838307
17936,0.9897494
17938,0.0056325793
17939,0.9686723
17940,0.9638097
17942,0.9664718
17943,0.05160123
17945,0.97077304
17948,0.019200683
17950,0.024398029
17951,0.37224692
17952,0.022210479
17953,0.96285903
17955,0.13839251
17956,0.03091073
17957,0.9659512
17959,0.96623045
17963,0.016881049
17965,0.9822488
17966,0.9749612
17967,0.9365883
17969,0.96857446
17970,0.952922
17971,0.010598838
17973,0.09346777
17975,0.97087836
17976,0.8667679
17977,0.8359716
17979,0.019544482
17981,0.90640914
17982,0.79528683
17984,0.9682524
17986,0.06408417
17992,0.4133442
17993,0.7660518
17994,0.118011355
17997,0.030968606
17998,0.1774326
17999,0.9667745
18000,0.05071175
18002,0.009833097
18005,0.5753002
18006,0.65689814
18007,0.5980976
18009,0.10911006
18012,0.018827021
18013,0.014033496
18015,0.014906824
18016,0.19022125
18019,0.15228307
18020,0.25551736
18021,0.026347756
18022,0.98833436
18024,0.9595838
18025,0.16464001
18026,0.9406317
18027,0.9879344
18028,0.021986663
18029,0.06482488
18031,0.008554459
18033,0.105238914
18036,0.023472905
18037,0.10736084
18041,0.26069802
18042,0.8926964
18043,0.830632
18046,0.009094715
18047,0.9620192
18050,0.77132064
18051,0.98839474
18053,0.72447455
18054,0.0143995285
18055,0.0069012046
18056,0.06310779
18057,0.9895544
18058,0.014663875
18059,0.008742452
18060,0.025177717
18061,0.013888955
18062,0.022330582
18063,0.011362374
18065,0.005839944
18066,0.47543538
18067,0.9689549
18068,0.008796096
18069,0.030430675
18070,0.007910371
18072,0.007868588
18073,0.99261165
18074,0.225357
18075,0.02840811
18076,0.0070818067
18077,0.0052884817
18078,0.8699404
18079,0.0066152215
18080,0.9692445
18081,0.009617627
18082,0.013376176
18083,0.36723727
18087,0.028143227
18088,0.9695897
18090,0.017451048
18091,0.010531247
18092,0.0075959563
18093,0.13473207
18094,0.00751853
18098,0.049343646
18100,0.96622276
18101,0.015603542
18102,0.95620257
18106,0.9620733
18107,0.09973943
18108,0.022805631
18109,0.00786978
18110,0.095570326
18111,0.7827937
18113,0.9770559
18116,0.011907697
18118,0.010939598
18119,0.96351534
18121,0.030173182
18122,0.96539813
18123,0.9517434
18124,0.004813969
18125,0.9698075
18126,0.07494944
18129,0.156398
18130,0.53503007
18131,0.014362276
18132,0.079463184
18133,0.018408298
18134,0.96848565
18135,0.1728124
18136,0.9656959
18137,0.010083735
18138,0.012604833
18139,0.008117497
18140,0.7948487
18142,0.011543512
18143,0.040997803
18146,0.965885
18147,0.019256413
18151,0.018021286
18152,0.9807367
18153,0.8795014
18154,0.01669103
18155,0.009544909
18157,0.008838415
18159,0.96555114
18162,0.96780324
18163,0.018764913
18164,0.9404459
18167,0.0074486732
18169,0.05131507
18170,0.9642602
18171,0.6643288
18172,0.96358323
18173,0.012812614
18175,0.9239094
18177,0.9437243
18178,0.016328394
18179,0.012237906
18180,0.015588224
18181,0.009273887
18182,0.10122448
18188,0.007893801
18190,0.41325295
18191,0.9607352
18192,0.9660445
18194,0.022716463
18195,0.011071563
18198,0.64941484
18200,0.015564382
18202,0.015243471
18203,0.94496864
18204,0.9747316
18206,0.0062880516
18207,0.9526486
18208,0.017455101
18209,0.05033374
18210,0.09827238
18211,0.009233952
18212,0.029420733
18213,0.9708445
18214,0.012549877
18215,0.012671351
18217,0.010124028
18220,0.97220194
18221,0.9573051
18222,0.086805165
18223,0.96655774
18225,0.44044626
18226,0.22837186
18227,0.64075553
18229,0.0473935
18231,0.93656474
18233,0.12904286
18234,0.022225022
18235,0.96121365
18236,0.018600345
18238,0.97042114
18240,0.007858157
18241,0.09696883
18244,0.05200088
18245,0.4272706
18246,0.032479823
18248,0.07549858
18249,0.32470244
18250,0.061975658
18251,0.9784901
18252,0.022546887
18253,0.007434249
18254,0.04016924
18255,0.97027606
18262,0.042116106
18263,0.0243994
18264,0.9677476
18265,0.07778597
18266,0.9746893
18268,0.92185336
18270,0.9838955
18273,0.03222251
18275,0.96700007
18276,0.013776243
18277,0.9885687
18279,0.05533111
18280,0.4232148
18281,0.31327432
18282,0.642791
18283,0.9213783
18284,0.9714005
18285,0.032591164
18286,0.01545918
18288,0.8971646
18289,0.014308155
18290,0.19693619
18291,0.9234602
18294,0.05283773
18295,0.46312237
18296,0.015943289
18297,0.93435997
18298,0.052470684
18301,0.95755124
18302,0.055807233
18303,0.17590839
18304,0.92211413
18305,0.039969325
18307,0.083928466
18308,0.012303054
18313,0.9687515
18314,0.8286583
18315,0.17048097
18316,0.026951432
18317,0.9679239
18318,0.031415403
18319,0.09618014
18320,0.94292
18324,0.9660859
18325,0.013972878
18328,0.014359951
18331,0.042672396
18333,0.9710771
18334,0.97131544
18335,0.08724445
18337,0.9749718
18338,0.10516572
18339,0.05772364
18340,0.06190908
18341,0.052995443
18343,0.0200665
18345,0.031465054
18347,0.9667877
18348,0.018699765
18349,0.03195405
18350,0.9850353
18351,0.06326115
18353,0.07462335
18355,0.54179835
18356,0.061018288
18357,0.042422116
18358,0.24045032
18359,0.030761957
18360,0.049450576
18362,0.9705787
18363,0.093218625
18364,0.9713852
18365,0.49742514
18369,0.10146034
18371,0.041214585
18372,0.97403294
18373,0.023221612
18374,0.011772215
18376,0.97144336
18377,0.95324135
18380,0.011240721
18381,0.046994805
18382,0.46064168
18385,0.03708327
18386,0.077596664
18387,0.012503505
18388,0.023304164
18391,0.96791273
18392,0.12568182
18393,0.057843864
18394,0.94863683
18395,0.011380911
18396,0.9063433
18398,0.07136768
18399,0.08820677
18400,0.9658286
18401,0.12742788
18402,0.1404832
18403,0.9558203
18404,0.15342683
18405,0.05824828
18406,0.6067366
18407,0.010329902
18408,0.018713653
18409,0.91956246
18410,0.9654264
18411,0.017451763
18412,0.79630715
18414,0.98798907
18416,0.02584982
18418,0.95711654
18419,0.058997393
18420,0.02670449
18421,0.0873791
18422,0.055949926
18423,0.017929196
18425,0.9703003
18426,0.74499625
18428,0.9643771
18429,0.017643332
18430,0.9902309
18432,0.038857996
18434,0.07061458
18435,0.96662927
18436,0.97887653
18438,0.106487155
18439,0.9050563
18440,0.21974277
18442,0.70806074
18443,0.025799453
18444,0.16246867
18446,0.96889555
18447,0.008946598
18449,0.18052399
18451,0.012224197
18454,0.5535363
18457,0.9740204
18458,0.01435703
18459,0.9755114
18460,0.024058461
18461,0.016538382
18463,0.58393747
18464,0.0152900815
18467,0.042877972
18468,0.03076452
18469,0.011368215
18470,0.99095374
18471,0.8778323
18472,0.16202736
18473,0.00663954
18474,0.024292886
18475,0.014632821
18476,0.9600322
18477,0.008007169
18480,0.009365499
18481,0.9795677
18482,0.9447696
18484,0.008745968
18486,0.023670316
18487,0.009231389
18488,0.1171391
18489,0.13893437
18491,0.16444415
18492,0.04125178
18493,0.32507604
18496,0.019310772
18497,0.3044451
18498,0.96534485
18506,0.017365754
18508,0.02333951
18510,0.7422503
18511,0.03195083
18512,0.20460016
18514,0.9865065
18515,0.007854998
18516,0.008311808
18518,0.77839315
18519,0.96876687
18521,0.057346344
18523,0.0546149
18524,0.01433897
18525,0.96689653
18526,0.8993906
18528,0.03943628
18530,0.9002873
18531,0.96718806
18532,0.011782944
18534,0.039319634
18535,0.030385554
18536,0.1356616
18539,0.033373296
18541,0.017368972
18542,0.99160933
18543,0.014070094
18544,0.9617856
18545,0.14191544
18546,0.090800345
18547,0.9606116
18549,0.025001645
18550,0.017004073
18551,0.97885764
18552,0.022212386
18554,0.041141868
18555,0.07199699
18557,0.10712516
18558,0.9203601
18559,0.94196695
18560,0.0648793
18562,0.019299626
18563,0.031423926
18567,0.46280462
18568,0.96097094
18569,0.010779321
18570,0.96795964
18571,0.030468881
18572,0.77766824
18573,0.20183343
18575,0.055373847
18577,0.011010945
18580,0.937236
18582,0.9737236
18583,0.8905751
18584,0.95103055
18585,0.9681994
18586,0.056730807
18587,0.01465112
18588,0.15495133
18590,0.023116589
18591,0.070286274
18592,0.96491057
18594,0.012666464
18595,0.015314341
18596,0.012528956
18597,0.96561414
18599,0.014492393
18600,0.015574098
18602,0.040177166
18603,0.013307989
18605,0.035361767
18609,0.9730258
18610,0.97006655
18612,0.011839151
18613,0.97139454
18614,0.07438421
18615,0.012226164
18616,0.92570853
18617,0.011512339
18619,0.007081449
18620,0.96161044
18621,0.095372915
18622,0.25744933
18623,0.9626399
18624,0.9850492
18626,0.008529007
18629,0.017598093
18631,0.04596865
18632,0.010913134
18633,0.01581806
18635,0.97220486
18636,0.017935514
18637,0.972479
18639,0.9500224
18641,0.9718181
18642,0.040085316
18644,0.013077438
18645,0.9074195
18646,0.21410406
18647,0.025398135
18649,0.9655321
18651,0.0060511827
18652,0.98256564
18655,0.90357894
18657,0.013456166
18660,0.94197065
18661,0.9756082
18662,0.931032
18664,0.008195758
18665,0.020091116
18666,0.06689423
18668,0.9745409
18669,0.12649274
18670,0.041296244
18671,0.070560396
18672,0.96752286
18673,0.010668039
18676,0.89461535
18677,0.024439692
18680,0.013609409
18681,0.9677091
18682,0.007290721
18683,0.012829602
18685,0.9767097
18686,0.04210657
18688,0.36239082
18689,0.07293028
18691,0.012600064
18692,0.07097274
18693,0.06766862
18694,0.93806976
18695,0.027837753
18696,0.009073973
18697,0.0133827925
18700,0.9792915
18702,0.087965906
18703,0.0615381
18704,0.9662049
18705,0.03083229
18706,0.96466905
18709,0.06367892
18711,0.5509554
18712,0.3138442
18713,0.015160918
18714,0.008001149
18716,0.98769975
18717,0.023354113
18718,0.05130154
18719,0.011873841
18721,0.39178634
18724,0.07932854
18725,0.96562475
18726,0.09048784
18727,0.13127297
18728,0.07148874
18730,0.020893812
18731,0.11030573
18732,0.010399938
18733,0.018847823
18735,0.030189812
18737,0.6662833
18738,0.92663807
18739,0.1346789
18740,0.9688509
18741,0.965639
18742,0.9014546
18743,0.03730017
18744,0.9834993
18746,0.9799413
18748,0.038984716
18749,0.032053113
18750,0.053496778
18751,0.9659055
18753,0.009647071
18755,0.014336586
18756,0.90667933
18757,0.1040805
18758,0.941662
18759,0.9354801
18760,0.9588135
18761,0.01287663
18763,0.98079294
18764,0.0152003765
18765,0.015516698
18767,0.97015035
18768,0.96877223
18771,0.036615252
18773,0.96539927
18776,0.9549807
18777,0.013184726
18778,0.9733728
18779,0.009570718
18780,0.018357337
18781,0.54517174
18782,0.9724894
18784,0.96691555
18785,0.97435015
18786,0.057270885
18787,0.9739338
18788,0.042173505
18789,0.010819256
18791,0.008584559
18792,0.012083769
18793,0.9790329
18794,0.029433548
18795,0.011131406
18796,0.9880746
18797,0.06758082
18798,0.060258925
18799,0.0067229867
18800,0.5192809
18802,0.6685772
18803,0.013123989
18804,0.016578734
18805,0.9444467
18806,0.015296757
18807,0.05496937
18808,0.08616847
18811,0.07807201
18812,0.5446116
18813,0.012839198
18814,0.005876124
18815,0.012555003
18817,0.0076447725
18820,0.009529591
18821,0.96248096
18823,0.1357966
18824,0.8103392
18825,0.5901805
18826,0.25789613
18827,0.01908207
18828,0.020106912
18830,0.008052051
18832,0.039922953
18834,0.009222388
18835,0.025990069
18837,0.16174746
18838,0.01393801
18841,0.007353425
18842,0.12447208
18844,0.9625134
18845,0.98634106
18846,0.022213757
18850,0.018179357
18851,0.9088003
18852,0.14935869
18855,0.024871528
18856,0.96122956
18858,0.024165511
18860,0.011979759
18861,0.018649697
18863,0.9637388
18865,0.9698896
18866,0.9705924
18867,0.9748473
18868,0.94654644
18869,0.95854044
18870,0.0074936748
18872,0.0828985
18873,0.033577323
18874,0.015751898
18875,0.060287178
18876,0.39054126
18877,0.03341061
18878,0.02611965
18881,0.11864084
18883,0.9145813
18884,0.9650512
18885,0.06658834
18886,0.026774645
18887,0.05244136
18888,0.34802628
18889,0.24942094
18890,0.96529734
18893,0.019063056
18894,0.027334929
18895,0.017533898
18896,0.9783549
18897,0.119840324
18899,0.93966734
18900,0.86055195
18901,0.96336246
18906,0.43193424
18907,0.96698594
18908,0.9765503
18909,0.4825366
18910,0.021722078
18911,0.0062731504
18912,0.09386432
18913,0.008103073
18914,0.021016717
18915,0.29459292
18916,0.08576369
18917,0.008415818
18918,0.9664756
18919,0.011417627
18920,0.011841118
18921,0.96484673
18922,0.11512208
18923,0.008457303
18924,0.04949236
18925,0.04046917
18927,0.005054891
18928,0.66558206
18930,0.0072936416
18931,0.6510712
18932,0.84747183
18935,0.9641805
18936,0.9673999
18938,0.16832465
18939,0.9683178
18941,0.012571752
18942,0.011858344
18944,0.047554314
18945,0.049618185
18946,0.077199996
18947,0.9819387
18949,0.96445566
18950,0.12989837
18953,0.8042482
18955,0.4278264
18957,0.97137773
18960,0.044748843
18961,0.6955005
18962,0.97218454
18963,0.10682565
18965,0.5218711
18966,0.01545465
18967,0.014066398
18968,0.00804925
18969,0.025829911
18971,0.015802443
18972,0.012307107
18973,0.07314229
18975,0.008698523
18977,0.96191347
18978,0.009260774
18979,0.8772149
18980,0.9762357
18982,0.051167727
18984,0.4993192
18985,0.95882845
18987,0.9697941
18988,0.13195848
18989,0.97032875
18990,0.041192472
18991,0.9663309
18992,0.99141115
18995,0.023327947
18996,0.010263443
18997,0.034478426
18999,0.13084841
19000,0.0114709735
19002,0.9487525
19003,0.15926707
19004,0.992005
19005,0.9667639
19007,0.95246637
19008,0.28091115
19009,0.640998
19011,0.033783317
19012,0.97636753
19013,0.9661234
19015,0.03108102
19016,0.009254694
19017,0.022098303
19018,0.0057032704
19019,0.3139726
19020,0.01808405
19022,0.09312296
19023,0.047614574
19024,0.012062728
19025,0.007355869
19026,0.021843016
19028,0.28115183
19029,0.0067281127
19030,0.006217301
19032,0.86180675
19035,0.0096609
19036,0.0073697567
19037,0.026309907
19038,0.966287
19039,0.956923
19041,0.075767994
19042,0.5024005
19043,0.012563586
19045,0.96952796
19046,0.06575161
19047,0.092033684
19048,0.028028488
19049,0.9802023
19052,0.30692255
19054,0.009525955
19056,0.9682944
19057,0.017305076
19058,0.98921716
19059,0.9670531
19060,0.021420658
19061,0.008056402
19063,0.94941694
19064,0.9563259
19065,0.0076129436
19066,0.023280859
19071,0.012052
19073,0.9630101
19074,0.0085657835
19075,0.010158598
19076,0.96730506
19080,0.78150654
19081,0.24421215
19083,0.9274545
19086,0.9644988
19087,0.019995093
19088,0.32327902
19089,0.0068425536
19090,0.018434167
19091,0.005506754
19092,0.9624785
19094,0.0073860884
19096,0.9709545
19097,0.018094301
19098,0.03838235
19102,0.9342047
19105,0.007966578
19106,0.015601277
19108,0.9745139
19110,0.12944311
19112,0.040394783
19113,0.105840445
19114,0.069792986
19115,0.02717179
19116,0.013105035
19117,0.8787959
19118,0.9622504
19120,0.9664712
19121,0.038028955
19122,0.07786012
19123,0.013125002
19124,0.037620366
19126,0.06324458
19127,0.030167937
19128,0.03924668
19129,0.016584754
19130,0.01026696
19131,0.9866228
19132,0.010591865
19135,0.011619687
19137,0.09361243
19138,0.98746985
19139,0.013813734
19140,0.009631991
19141,0.10418415
19143,0.5074136
19146,0.010035574
19148,0.07341534
19149,0.06348151
19150,0.99084073
19152,0.9559706
19153,0.038368344
19154,0.022116303
19155,0.9630054
19156,0.95556927
19157,0.019055724
19158,0.9726211
19161,0.01175046
19162,0.043663263
19163,0.056177557
19164,0.96344763
19165,0.0081528425
19169,0.82343453
19170,0.07236397
19171,0.037337303
19172,0.9709583
19176,0.0075376034
19177,0.06491107
19178,0.97442627
19179,0.9543754
19180,0.09123874
19181,0.35288763
19183,0.005897701
19184,0.010664761
19185,0.9657704
19186,0.97091246
19188,0.01059252
19189,0.025411367
19190,0.016416728
19192,0.9610111
19193,0.010985553
19194,0.96032244
19195,0.0249784
19196,0.120336175
19197,0.98207617
19198,0.018261373
19200,0.020542622
19203,0.9413308
19205,0.037458956
19206,0.66852623
19207,0.010713756
19208,0.17905855
19209,0.019425392
19210,0.4343028
19211,0.025843024
19212,0.016747952
19214,0.9710033
19215,0.98409486
19216,0.9654267
19218,0.24897116
19222,0.014437556
19223,0.02253896
19225,0.023308039
19226,0.07391983
19227,0.09640676
19229,0.050185144
19230,0.037869036
19233,0.011491597
19234,0.76537985
19235,0.06572306
19237,0.0059955716
19239,0.9193557
19240,0.100685
19241,0.016802013
19242,0.006666243
19244,0.97812307
19250,0.016181171
19251,0.9651592
19252,0.01572615
19255,0.027558267
19256,0.98912257
19257,0.14998728
19261,0.96313953
19262,0.9290568
19263,0.08523929
19264,0.14159518
19266,0.88702685
19267,0.13051838
19268,0.08311021
19269,0.019375741
19270,0.013882697
19271,0.9697197
19273,0.052726388
19275,0.12368518
19276,0.96056736
19277,0.03788483
19280,0.9668175
19282,0.96438974
19284,0.86206675
19286,0.012273967
19287,0.11133087
19288,0.9697325
19289,0.94968826
19291,0.0276196
19293,0.0093515515
19294,0.86588204
19295,0.9649086
19297,0.97186595
19298,0.51957464
19299,0.016020536
19301,0.020836055
19302,0.025387943
19305,0.04746437
19307,0.9636299
19308,0.014974296
19309,0.9697034
19310,0.545143
19312,0.015047491
19313,0.96557575
19315,0.98863566
19316,0.8806097
19317,0.014849603
19319,0.03723955
19320,0.06543219
19321,0.014294267
19322,0.9564514
19323,0.039664745
19324,0.95589006
19325,0.9889158
19326,0.009982526
19328,0.020959973
19329,0.97178733
19333,0.104409754
19334,0.06623548
19337,0.3017192
19338,0.022776365
19342,0.15111142
19344,0.1888957
19345,0.028398395
19346,0.021192908
19347,0.042564034
19349,0.8452387
19350,0.0731163
19351,0.026048303
19352,0.9711739
19353,0.087687254
19355,0.010346472
19356,0.96998215
19357,0.8209481
19358,0.011627018
19362,0.9596274
19363,0.143781
19365,0.203547
19367,0.20606107
19368,0.013908207
19369,0.9918315
19370,0.8956557
19372,0.048057556
19373,0.5438998
19375,0.11742079
19377,0.008516014
19379,0.0121408105
19381,0.96998215
19383,0.04195559
19384,0.3152336
19386,0.0064421296
19387,0.013376415
19388,0.20199662
19392,0.97314143
19393,0.96495056
19394,0.96512413
19395,0.050037146
19396,0.07048595
19397,0.9569452
19398,0.018708587
19399,0.6001328
19400,0.010411739
19401,0.005904913
19403,0.008063316
19404,0.96429574
19405,0.023716569
19406,0.9567068
19407,0.96087015
19411,0.025463462
19412,0.14590132
19414,0.012162447
19415,0.11948097
19416,0.9916841
19417,0.014275491
19418,0.022711575
19419,0.49790305
19420,0.28347033
19421,0.9468878
19422,0.97483313
19423,0.060028315
19424,0.13544267
19426,0.0138575435
19428,0.16054368
19431,0.020208001
19432,0.97127813
19433,0.97257364
19434,0.00848341
19437,0.011529207
19440,0.06375462
19442,0.9685372
19444,0.015411556
19447,0.9411352
19448,0.009738982
19450,0.017042875
19451,0.012834251
19453,0.9635409
19454,0.9660541
19455,0.1375516
19456,0.9711792
19458,0.96401376
19459,0.012397826
19460,0.022380114
19461,0.40801322
19462,0.9888623
19463,0.98962
19464,0.9673152
19465,0.048498154
19467,0.047252834
19468,0.047659338
19470,0.005060196
19471,0.13060719
19472,0.011382043
19473,0.0688172
19474,0.007187307
19475,0.005472243
19476,0.02165109
19477,0.9722914
19478,0.016729176
19479,0.9636175
19480,0.14574742
19481,0.013255596
19483,0.44559318
19484,0.9249668
19485,0.014955223
19487,0.023340583
19489,0.026871145
19490,0.01563847
19493,0.026878715
19494,0.9604456
19495,0.005702555
19496,0.2588061
19497,0.021314502
19498,0.7611478
19499,0.9683322
19500,0.0074679255
19501,0.09949243
19502,0.0105986
19503,0.006248653
19504,0.95546585
19505,0.95607436
19508,0.07413614
19511,0.005868733
19512,0.9712654
19513,0.042149782
19516,0.013379097
19517,0.11082542
19518,0.97104025
19519,0.69834113
19520,0.02229625
19521,0.010131955
19524,0.9734927
19525,0.9718685
19526,0.01976329
19527,0.9662773
19528,0.702258
19529,0.03339231
19531,0.9588324
19532,0.029723704
19533,0.022339344
19534,0.013892889
19535,0.02071023
19536,0.8484309
19537,0.014356136
19538,0.029317617
19539,0.007730603
19542,0.013023794
19543,0.024196744
19545,0.7482974
19547,0.97127616
19551,0.3712449
19552,0.9857029
19553,0.9737413
19554,0.9876862
19556,0.010471523
19558,0.015326917
19561,0.96839046
19562,0.9672209
19564,0.04527569
19565,0.010327101
19566,0.02282244
19567,0.9563334
19572,0.97038245
19576,0.04383123
19578,0.2737686
19579,0.98302794
19581,0.024867654
19582,0.07842791
19583,0.78552127
19585,0.9706876
19586,0.96470225
19587,0.9639091
19588,0.9728902
19589,0.015495777
19590,0.9872893
19592,0.0057273507
19593,0.016119659
19594,0.013531089
19595,0.020757198
19596,0.009558082
19597,0.09003174
19599,0.022034228
19600,0.96918964
19607,0.9556848
19610,0.013045847
19611,0.046460867
19612,0.0109831095
19615,0.08503908
19616,0.2706362
19617,0.025318027
19618,0.00551939
19619,0.16981614
19620,0.96874356
19622,0.9724252
19623,0.024955511
19627,0.9739023
19628,0.96919227
19629,0.8590517
19630,0.011576116
19632,0.014164865
19633,0.9503406
19636,0.9574122
19639,0.73987806
19640,0.041564405
19642,0.9656832
19644,0.0365752
19645,0.0072690845
19648,0.73422027
19649,0.05087006
19650,0.61327004
19653,0.011587679
19654,0.023157597
19655,0.9696638
19656,0.96475405
19657,0.6229768
19658,0.12061107
19659,0.11735934
19660,0.03112781
19664,0.9621782
19666,0.031846106
19667,0.96582544
19668,0.018870413
19669,0.9898731
19670,0.009780109
19672,0.034603775
19673,0.11836845
19674,0.022094429
19675,0.946866
19677,0.96494424
19679,0.007721424
19681,0.019795597
19682,0.020710886
19683,0.533761
19684,0.9831154
19685,0.012340963
19692,0.97140765
19693,0.022024095
19694,0.98992604
19696,0.020957232
19697,0.9681275
19698,0.61708
19699,0.97261757
19700,0.015611291
19701,0.03496045
19703,0.013330042
19705,0.952957
19706,0.005936086
19707,0.524352
19708,0.15942156
19710,0.010752499
19711,0.00794518
19712,0.9573267
19714,0.14005375
19715,0.02085048
19718,0.97237736
19720,0.97687525
19721,0.14007413
19722,0.96993625
19724,0.013355792
19726,0.9518221
19728,0.7951535
19730,0.022763968
19731,0.7680434
19732,0.01223731
19733,0.020889342
19734,0.8162781
19735,0.98473126
19737,0.010766149
19738,0.9685381
19739,0.9664002
19740,0.13812524
19741,0.9478579
19742,0.9579566
19746,0.9916853
19747,0.88910663
19748,0.028877437
19750,0.057402372
19751,0.089381576
19752,0.010983765
19753,0.160878
19755,0.052867115
19757,0.014341652
19758,0.9798301
19759,0.96140087
19760,0.96690494
19761,0.9333029
19762,0.15592468
19763,0.7841898
19764,0.008439839
19765,0.044135153
19766,0.041169107
19767,0.9874754
19773,0.45012212
19776,0.08678794
19777,0.9523551
19778,0.9755907
19779,0.016492963
19780,0.96022856
19782,0.98639053
19783,0.020711958
19785,0.023883104
19787,0.9620889
19788,0.9850834
19789,0.9747381
19790,0.98516876
19791,0.0074774623
19793,0.96541023
19794,0.15514612
19795,0.012158096
19796,0.016914427
19797,0.9756798
19798,0.07308507
19799,0.96995705
19800,0.98441654
19801,0.0072739124
19803,0.027279735
19804,0.9895478
19805,0.968971
19806,0.80009377
19808,0.0066297054
19810,0.9552404
19811,0.85569
19812,0.90641874
19813,0.0072844625
19814,0.006096661
19816,0.99129146
19818,0.0057533383
19822,0.948786
19823,0.8457485
19824,0.0070112348
19825,0.97738814
19826,0.03486532
19828,0.74462855
19829,0.58727616
19832,0.6205231
19833,0.9773265
19834,0.037613332
19835,0.047041357
19837,0.9677959
19838,0.010968268
19839,0.36862355
19840,0.023996353
19841,0.031215727
19845,0.9785207
19846,0.008317888
19849,0.48583257
19851,0.9656042
19852,0.012361407
19853,0.952057
19855,0.059622526
19856,0.047401726
19859,0.006867707
19863,0.9814316
19864,0.0046804547
19865,0.007534504
19868,0.01674968
19869,0.017096102
19870,0.9621706
19871,0.9667615
19872,0.97364855
19874,0.8680769
19876,0.95627826
19878,0.9576882
19879,0.049817085
19880,0.018969774
19883,0.008499384
19884,0.011836112
19885,0.98722684
19888,0.04820466
19889,0.97152025
19890,0.58617556
19891,0.19454187
19892,0.95468056
19893,0.026029408
19894,0.94936687
19895,0.30462468
19896,0.0048974752
19899,0.014124215
19900,0.007964075
19901,0.26088446
19902,0.95910615
19903,0.97504264
19906,0.97036463
19907,0.010417104
19908,0.01663202
19909,0.9793417
19910,0.008723021
19911,0.97020113
19912,0.020088136
19913,0.019260406
19916,0.94510525
19917,0.012833416
19919,0.9782859
19920,0.33146304
19921,0.009906113
19922,0.2980845
19924,0.82707345
19926,0.016229033
19928,0.012510955
19929,0.07299024
19930,0.067148745
19931,0.950332
19933,0.9671228
19934,0.9524893
19935,0.96541756
19936,0.008459985
19937,0.015399396
19938,0.9560478
19943,0.9615582
19944,0.014072061
19945,0.95862234
19946,0.95185864
19947,0.41020048
19949,0.037608027
19950,0.00906533
19951,0.04870832
19952,0.013471365
19953,0.012758136
19955,0.031680167
19957,0.9649805
19958,0.9687894
19959,0.12521929
19960,0.011181176
19961,0.025633216
19962,0.0070106983
19963,0.033704102
19965,0.91794264
19966,0.019814253
19967,0.011973143
19968,0.79334116
19969,0.012436509
19970,0.971267
19974,0.97704536
19975,0.026495099
19976,0.81611335
19977,0.9631613
19978,0.21829903
19980,0.97667885
19981,0.014252603
19982,0.06110543
19983,0.99004203
19984,0.95212746
19985,0.014893293
19986,0.9714858
19987,0.058303177
19988,0.012037039
19991,0.1738143
19992,0.015376866
19993,0.9723309
19995,0.072028816
19996,0.051261187
19998,0.02709788
19999,0.9598248
20003,0.94977856
20005,0.08566427
20006,0.0053480864
20007,0.01011163
20009,0.97825956
20010,0.03472525
20012,0.9722487
20013,0.07381058
20014,0.96295846
20015,0.11549473
20017,0.0067528486
20019,0.96941984
20020,0.9921181
20021,0.9722865
20022,0.19205469
20023,0.9711493
20024,0.0071142316
20025,0.9882494
20026,0.00961262
20027,0.9683369
20028,0.9687859
20030,0.15038526
20032,0.9928276
20033,0.0062175393
20035,0.013863683
20040,0.013961613
20042,0.019887209
20043,0.9925495
20044,0.24890703
20045,0.83128095
20047,0.0061921477
20048,0.35493326
20051,0.9459694
20053,0.021005452
20054,0.8036653
20055,0.98344815
20057,0.0094310045
20058,0.9671956
20060,0.9705281
20061,0.9704232
20062,0.01258117
20064,0.117771864
20066,0.97402656
20069,0.9659635
20070,0.5860183
20071,0.9692064
20073,0.9016727
20074,0.006103933
20076,0.016132832
20077,0.0050694346
20078,0.020464718
20079,0.9766257
20080,0.9693302
20081,0.97208923
20083,0.04489261
20087,0.9525071
20088,0.078887165
20090,0.94953275
20091,0.012381673
20093,0.11900872
20094,0.9760838
20095,0.024146557
20097,0.95833427
20098,0.01452297
20100,0.96614635
20101,0.12611705
20102,0.10172409
20103,0.028828084
20104,0.958824
20105,0.021370769
20106,0.9217629
20109,0.03548199
20110,0.01092279
20114,0.014514506
20115,0.07714307
20116,0.77320015
20119,0.025852084
20120,0.95706975
20121,0.032278
20122,0.010068297
20123,0.9837269
20124,0.9476932
20127,0.959915
20132,0.8996725
20133,0.03632939
20134,0.009697378
20135,0.1225456
20136,0.9675256
20137,0.5464567
20138,0.031820297
20139,0.81382585
20140,0.010030806
20141,0.028667748
20142,0.6984439
20144,0.029924214
20146,0.8625882
20147,0.01194185
20150,0.3851232
20151,0.016724408
20152,0.9642644
20153,0.9857275
20155,0.96757925
20156,0.19298613
20158,0.09787005
20159,0.0080387
20160,0.9581819
20161,0.89807004
20163,0.7118139
20164,0.060774207
20166,0.9616449
20167,0.19874209
20168,0.9662916
20169,0.007111728
20171,0.9684099
20174,0.47401237
20176,0.15795052
20177,0.010423064
20179,0.4883212
20180,0.016186595
20181,0.96442074
20182,0.01960373
20185,0.009627938
20186,0.016869724
20191,0.9931638
20192,0.94039756
20195,0.058802962
20196,0.016516924
20197,0.9654307
20199,0.006827414
20200,0.17342389
20201,0.139471
20204,0.016227305
20205,0.011927068
20207,0.029122472
20210,0.00716722
20211,0.020482183
20212,0.047124505
20215,0.022729099
20216,0.9699058
20217,0.0122740865
20219,0.910859
20220,0.9707914
20221,0.018214166
20222,0.08919412
20223,0.9492825
20224,0.008583128
20226,0.009873748
20227,0.95301217
20229,0.15345317
20231,0.012227476
20232,0.0072989464
20233,0.022173107
20236,0.012224793
20239,0.024106026
20240,0.8873742
20244,0.99049073
20246,0.95242125
20249,0.13080996
20250,0.018111765
20254,0.028716564
20256,0.9813922
20260,0.0067912936
20262,0.0077826977
20263,0.58654976
20270,0.3520037
20271,0.122789025
20272,0.9718599
20276,0.044661224
20277,0.018838406
20280,0.01802808
20283,0.9833458
20284,0.013561606
20285,0.018088877
20287,0.007466197
20288,0.93505245
20291,0.009330392
20292,0.95714766
20293,0.18943977
20294,0.01075238
20296,0.00998652
20297,0.017995417
20299,0.1968475
20302,0.009865105
20306,0.12843728
20307,0.7148018
20308,0.9879938
20310,0.9561575
20311,0.9668948
20312,0.1000216
20315,0.9674074
20316,0.9643468
20317,0.016318321
20319,0.010547161
20320,0.022670448
20321,0.56423104
20326,0.011909127
20328,0.5962359
20335,0.05214572
20336,0.011003375
20337,0.9898231
20339,0.028303087
20340,0.9722188
20341,0.006321132
20342,0.008366108
20344,0.97578055
20348,0.9545022
20349,0.9742549
20350,0.008910656
20351,0.92780685
20353,0.012675405
20354,0.008152604
20356,0.011497617
20357,0.026071846
20359,0.023420393
20360,0.7187162
20361,0.0073860884
20362,0.020329475
20363,0.9670224
20364,0.9701663
20365,0.09601271
20366,0.80846286
20367,0.94827527
20368,0.0133959055
20369,0.06380129
20371,0.96545655
20372,0.023759723
20373,0.0066064
20374,0.9012096
20375,0.92723024
20378,0.97184265
20380,0.9831937
20381,0.036539257
20383,0.44405836
20384,0.9662977
20385,0.9754418
20386,0.9575886
20387,0.9706398
20388,0.016854107
20389,0.2912768
20392,0.013074994
20393,0.96069723
20395,0.12037337
20398,0.3112898
20400,0.9702993
20401,0.006587088
20402,0.010395646
20403,0.046944022
20404,0.14454013
20405,0.96623653
20407,0.023830831
20411,0.011980712
20413,0.01021713
20414,0.96429294
20415,0.0069109797
20417,0.2681437
20420,0.83119947
20421,0.014287472
20424,0.9728013
20426,0.007924795
20432,0.013567984
20433,0.0091125965
20435,0.009407699
20437,0.013157904
20439,0.013467193
20440,0.0069503784
20441,0.98899746
20447,0.027273118
20449,0.16874915
20450,0.96646374
20451,0.97726214
20452,0.011331379
20453,0.97095305
20454,0.009325564
20455,0.012326896
20456,0.010260999
20458,0.9729687
20459,0.03362173
20461,0.016651273
20462,0.011259854
20465,0.96985644
20468,0.29963207
20470,0.1095503
20471,0.009756744
20472,0.5878121
20476,0.012232423
20477,0.07143706
20484,0.0086327195
20488,0.2795831
20489,0.011886537
20493,0.017644227
20494,0.011197925
20495,0.9698385
20496,0.96906364
20497,0.011907935
20498,0.013570428
20499,0.103996396
20500,0.021672547
20502,0.007155359
20504,0.9864531
20505,0.20681381
20506,0.91919863
20507,0.077527106
20511,0.3582936
20513,0.6087483
20517,0.014983892
20519,0.014485359
20522,0.0496369
20523,0.0073788166
20524,0.01818186
20525,0.0136806965
20526,0.011648595
20527,0.16198826
20537,0.90298235
20538,0.97826666
20539,0.9700937
20540,0.006738603
20542,0.027553558
20544,0.108564734
20545,0.9483992
20546,0.95212096
20549,0.01275301
20550,0.97143257
20552,0.1032421
20553,0.9698553
20554,0.6041297
20555,0.33326072
20556,0.030955791
20559,0.96277034
20563,0.013148725
20564,0.95269316
20570,0.9529312
20571,0.055568576
20573,0.97559494
20574,0.010900855
20575,0.0121001005
20576,0.9626067
20577,0.007709801
20578,0.13730723
20580,0.9390925
20581,0.96712077
20587,0.17599577
20588,0.09202987
20589,0.6101538
20590,0.48483497
20591,0.4315486
20592,0.014800668
20594,0.8582205
20595,0.6653819
20596,0.0158149
20597,0.013974488
20598,0.008469939
20599,0.17385083
20600,0.61764824
20601,0.98885435
20602,0.010008693
20603,0.10100818
20604,0.15573776
20606,0.014530957
20612,0.9646628
20616,0.16822046
20617,0.9577268
20619,0.96758294
20620,0.00649637
20621,0.95454514
20622,0.0079602
20625,0.9702791
20626,0.9683344
20627,0.036127985
20628,0.01112932
20632,0.021272004
20633,0.9267149
20637,0.66680026
20640,0.952041
20641,0.1368267
20643,0.1011433
20646,0.23166984
20650,0.09041065
20651,0.92658246
20652,0.008027792
20654,0.37390077
20655,0.96849155
20656,0.95655006
20657,0.96284705
20658,0.011708915
20663,0.010187447
20665,0.0107399225
20666,0.11613637
20667,0.9652443
20668,0.0063036084
20669,0.046458602
20671,0.96842533
20672,0.013448477
20674,0.013954222
20676,0.9672705
20677,0.12023449
20679,0.07302904
20680,0.0736236
20682,0.022819817
20683,0.0126494765
20684,0.33535457
20687,0.96580464
20689,0.0069023967
20691,0.020254552
20694,0.06329316
20695,0.012347698
20697,0.96627533
20698,0.025710166
20699,0.018300354
20701,0.96498495
20705,0.011850119
20706,0.056747675
20708,0.0070836544
20709,0.032819808
20710,0.97657853
20713,0.008790851
20714,0.9761907
20716,0.84944606
20717,0.007799208
20718,0.0085392
20719,0.008464575
20721,0.71632814
20725,0.012277722
20729,0.9696903
20730,0.09330815
20731,0.013474107
20732,0.9700797
20733,0.96466213
20734,0.033106446
20736,0.07199836
20737,0.9643578
20739,0.015036643
20740,0.8221172
20744,0.9770289
20745,0.008372903
20746,0.964579
20747,0.29229486
20749,0.013432026
20752,0.011387289
20754,0.042143524
20756,0.010193646
20757,0.101252794
20758,0.007656276
20761,0.8844457
20762,0.020276964
20763,0.020989537
20764,0.10132778
20765,0.9906095
20771,0.18813342
20772,0.96976244
20773,0.029457688
20774,0.01076442
20775,0.9515155
20778,0.005872965
20780,0.016351223
20783,0.056279063
20784,0.036371708
20788,0.062564075
20789,0.009216189
20790,0.9510547
20791,0.96262604
20795,0.010303497
20796,0.9633563
20798,0.007676244
20799,0.96358484
20800,0.96488506
20801,0.005763173
20803,0.60207355
20804,0.04727733
20805,0.04774022
20806,0.94281894
20807,0.011509955
20809,0.17981511
20810,0.6813164
20817,0.009361982
20818,0.9678652
20819,0.0077744722
20820,0.01075846
20821,0.009089172
20826,0.082479835
20827,0.9236822
20831,0.019595444
20832,0.02323687
20834,0.018527031
20836,0.31234443
20838,0.93788666
20839,0.84461105
20840,0.9443888
20841,0.013285935
20842,0.035947323
20843,0.94863397
20844,0.009141266
20845,0.011281967
20847,0.96684694
20857,0.51591295
20858,0.9891165
20859,0.9916184
20860,0.9749521
20863,0.011252046
20865,0.96083814
20866,0.96858984
20868,0.015379071
20869,0.0059598684
20870,0.98524463
20871,0.8317117
20873,0.017844379
20874,0.041416526
20875,0.96210283
20878,0.017943919
20879,0.011695623
20881,0.009968638
20884,0.5526233
20885,0.009740949
20887,0.012540221
20888,0.027483106
20889,0.9849413
20894,0.008891821
20895,0.057745814
20897,0.9901813
20901,0.16659987
20905,0.017248929
20906,0.093652844
20908,0.04611498
20909,0.5155496
20913,0.008228242
20914,0.98802286
20915,0.007235825
20917,0.2535203
20918,0.010762095
20920,0.010639787
20921,0.047359765
20923,0.94591105
20925,0.89182335
20926,0.012332559
20927,0.9684393
20928,0.010026574
20932,0.96323735
20934,0.050913513
20935,0.9607419
20936,0.008577645
20938,0.03021717
20939,0.2471556
20940,0.9659279
20941,0.010070384
20943,0.009015441
20944,0.0067644715
20945,0.9640586
20947,0.01001364
20948,0.97025716
20949,0.04415399
20951,0.6819428
20953,0.015067875
20956,0.944154
20960,0.008395314
20961,0.96869606
20962,0.97255564
20966,0.9745924
20968,0.01512754
20969,0.010538399
20970,0.012733161
20973,0.0068082213
20978,0.008108139
20981,0.0070236325
20984,0.9605052
20985,0.034826696
20986,0.200356
20990,0.97857004
20992,0.9855579
20994,0.9702747
20996,0.027730942
21000,0.19828731
21001,0.0094406605
21002,0.009145379
21003,0.01296562
21004,0.0110659
21007,0.035304308
21009,0.011485517
21010,0.015806735
21011,0.7419105
21013,0.009616554
21016,0.9067269
21018,0.05352956
21020,0.010139763
21022,0.007245481
21023,0.04718262
21024,0.53035164
21025,0.9514154
21026,0.015292823
21028,0.35922855
21029,0.03172767
21030,0.8378891
21031,0.011661708
21033,0.0090729
21034,0.016565144
21036,0.76147467
21038,0.9616157
21040,0.019018054
21041,0.10570222
21042,0.8113571
21043,0.0112451315
21044,0.07946074
21045,0.41056502
21047,0.02616477
21048,0.009771943
21049,0.56515265
21050,0.015007138
21052,0.018129826
21056,0.08165306
21057,0.015799463
21058,0.1458093
21059,0.9729102
21064,0.010727882
21065,0.009141266
21068,0.014598131
21070,0.016514719
21071,0.0059016943
21072,0.53061855
21074,0.016742289
21075,0.012822509
21077,0.9649051
21079,0.98848
21083,0.02459681
21084,0.04333359
21085,0.011648357
21089,0.014888704
21092,0.8874874
21093,0.63094926
21094,0.97487044
21098,0.97166026
21099,0.96678185
21100,0.052660465
21101,0.010351181
21102,0.30870056
21103,0.92839056
21107,0.09263778
21108,0.0110318065
21110,0.17755735
21112,0.62107146
21115,0.9233874
21117,0.012447238
21121,0.016976118
21124,0.036726534
21125,0.9710415
21126,0.008618772
21127,0.96968865
21128,0.9663764
21129,0.08771056
21130,0.007911205
21131,0.028703868
21132,0.01182425
21134,0.011072516
21135,0.06993139
21136,0.90182257
21140,0.9685217
21141,0.016432405
21142,0.02847439
21149,0.04415071
21153,0.93169576
21154,0.9743252
21156,0.0122256875
21158,0.9672949
21159,0.9658029
21160,0.9310931
21164,0.97190744
21165,0.02158767
21169,0.0079244375
21173,0.009576678
21174,0.015517831
21175,0.982267
21178,0.96789736
21179,0.7580833
21180,0.9921358
21182,0.9665868
21183,0.011591136
21184,0.018182874
21185,0.012505829
21186,0.009087086
21187,0.9748433
21189,0.9760428
21191,0.96783537
21192,0.008073449
21193,0.96396464
21195,0.7409166
21197,0.98321474
21201,0.9880466
21203,0.9747829
21204,0.9482232
21207,0.15523523
21208,0.008236885
21209,0.7448906
21213,0.6530457
21216,0.010191321
21217,0.00845474
21223,0.96452045
21225,0.017152905
21229,0.006379068
21232,0.96492773
21234,0.020331442
21235,0.022556007
21237,0.15814364
21238,0.9797677
21239,0.008119166
21242,0.032415748
21246,0.019491076
21247,0.017836213
21248,0.013806403
21250,0.02976948
21253,0.0099951625
21254,0.009345114
21255,0.050064266
21256,0.031189203
21257,0.6803485
21258,0.023232996
21261,0.8712601
21262,0.013868809
21265,0.99054056
21266,0.9921619
21270,0.08571637
21271,0.9876552
21272,0.014834106
21274,0.010780513
21276,0.017693222
21278,0.9787126
21279,0.018760145
21280,0.39015955
21281,0.7719088
21282,0.3306008
21283,0.011098027
21288,0.019156754
21289,0.08621603
21291,0.008173227
21292,0.008700073
21293,0.024753153
21294,0.97164136
21300,0.96366966
21302,0.96163106
21305,0.38682306
21306,0.088844895
21307,0.99052495
21308,0.97033507
21309,0.012713134
21316,0.026728988
21317,0.96083385
21320,0.086546004
21321,0.911069
21323,0.008610904
21324,0.02874118
21325,0.16361004
21328,0.07292414
21329,0.039541423
21330,0.018409371
21331,0.97098404
21332,0.85773027
21334,0.8736465
21335,0.93620443
21336,0.010598004
21337,0.32625413
21341,0.9622085
21343,0.99034667
21344,0.009113073
21345,0.36913347
21349,0.78431165
21350,0.19862205
21353,0.013109565
21355,0.17194778
21357,0.0070715547
21358,0.013991654
21360,0.016420543
21363,0.009237111
21364,0.01093179
21366,0.96387446
21367,0.010085225
21369,0.93551
21370,0.03422427
21371,0.0647428
21372,0.9745371
21374,0.024173677
21375,0.01631236
21376,0.010318458
21377,0.009576917
21380,0.011007607
21381,0.1141513
21382,0.9834067
21383,0.007969856
21384,0.009220481
21385,0.033308327
21386,0.010814667
21387,0.8094334
21390,0.95787144
21391,0.028392017
21394,0.099684834
21395,0.42184073
21397,0.010857701
21403,0.9807087
21404,0.0797503
21406,0.11395091
21408,0.95402074
21410,0.0077883005
21411,0.011691749
21415,0.016601086
21416,0.305057
21417,0.9661212
21418,0.011185229
21419,0.016323209
21420,0.025095344
21421,0.069354594
21422,0.10707992
21423,0.009203911
21425,0.9705588
21426,0.9738987
21427,0.9749997
21429,0.016888082
21430,0.9612267
21431,0.053934216
21432,0.99060655
21434,0.01473397
21435,0.9742132
21437,0.96845746
21438,0.048199177
21439,0.097935915
21441,0.010704219
21442,0.011793911
21443,0.07121098
21444,0.3444507
21445,0.008046329
21449,0.18901384
21450,0.1250118
21451,0.9361994
21453,0.0051635504
21454,0.9763553
21456,0.061438978
21460,0.011740804
21461,0.95232284
21462,0.0062806606
21463,0.9624976
21466,0.067447186
21468,0.008517861
21469,0.01830858
21470,0.0127519965
21471,0.96815807
21473,0.702896
21475,0.96871585
21476,0.9572748
21477,0.876096
21478,0.01722163
21479,0.015665352
21483,0.021456301
21485,0.99103516
21486,0.94359165
21488,0.022168636
21489,0.008222699
21491,0.038847446
21495,0.024140298
21500,0.9758537
21501,0.008735001
21502,0.012626827
21503,0.01039505
21505,0.8782936
21507,0.0090638995
21508,0.0059839487
21509,0.7192656
21511,0.017801464
21512,0.011225939
21513,0.97233164
21514,0.9515517
21523,0.016850293
21524,0.9634756
21525,0.94240093
21527,0.95240206
21528,0.010036886
21530,0.021702886
21531,0.96605045
21532,0.9346765
21533,0.08821452
21536,0.009676933
21537,0.46358567
21538,0.055173516
21540,0.115529835
21542,0.009082258
21544,0.05235219
21545,0.007131517
21546,0.9530891
21552,0.95024484
21555,0.9719122
21561,0.121574104
21565,0.038642764
21566,0.011949182
21568,0.0059378743
21572,0.96920896
21573,0.98282015
21576,0.01308471
21577,0.016432166
21578,0.011590362
21582,0.015403926
21584,0.009856224
21585,0.014844358
21586,0.93833184
21590,0.08178544
21591,0.12134123
21592,0.028767288
21594,0.012328744
21598,0.8433234
21599,0.07692444
21600,0.98470664
21602,0.037556767
21605,0.96845776
21607,0.04661137
21608,0.975599
21609,0.9521692
21611,0.9032431
21618,0.01620531
21621,0.010001123
21623,0.016824603
21631,0.9645264
21632,0.018235624
21633,0.9721826
21636,0.020398617
21638,0.035394907
21641,0.007108927
21642,0.024915636
21647,0.17861742
21649,0.008433521
21650,0.9734585
21651,0.6247947
21654,0.9673084
21655,0.016376019
21656,0.37486297
21659,0.98877
21660,0.029329956
21661,0.96576524
21663,0.9689293
21669,0.022431314
21673,0.008514583
21675,0.06529367
21676,0.008751869
21677,0.99240565
21678,0.017162919
21682,0.13175392
21683,0.18166977
21684,0.053800523
21687,0.9718559
21688,0.9695773
21689,0.88226265
21691,0.014484227
21692,0.05709827
21696,0.99126685
21702,0.96666336
21703,0.016155899
21704,0.38436317
21705,0.96436435
21707,0.9541749
21708,0.014594972
21709,0.0113200545
21710,0.011636019
21711,0.10780454
21712,0.7782661
21713,0.018399358
21714,0.04339379
21716,0.3047502
21721,0.010207534
21722,0.4978069
21725,0.016082406
21726,0.94966567
21728,0.056736827
21729,0.005397618
21730,0.15159565
21733,0.038317323
21736,0.016411543
21737,0.1903053
21738,0.970742
21740,0.021314263
21741,0.40802807
21744,0.9636377
21745,0.0054131746
21748,0.98568815
21749,0.97632337
21752,0.023538947
21753,0.025856018
21754,0.007235825
21755,0.022583902
21756,0.01216346
21760,0.97306824
21761,0.9916499
21763,0.14515686
21764,0.011388838
21765,0.9606058
21767,0.0138555765
21769,0.011894703
21771,0.021076024
21774,0.189695
21775,0.032001197
21778,0.49669647
21779,0.9004838
21781,0.57925236
21784,0.16167313
21785,0.015782475
21786,0.92043334
21787,0.012961388
21789,0.009633422
21790,0.063348055
21791,0.018454611
21792,0.9703794
21793,0.030324638
21796,0.74238026
21798,0.86258525
21800,0.1039688
21801,0.72151685
21803,0.9695706
21804,0.024875045
21805,0.98390406
21807,0.05435574
21811,0.012351871
21813,0.031386793
21814,0.021752536
21815,0.0394544
21817,0.9629159
21819,0.039938986
21820,0.9600311
21821,0.12812239
21824,0.010606289
21826,0.88185096
21831,0.01828909
21833,0.7255198
21835,0.023763359
21836,0.013430595
21840,0.040102005
21843,0.0067717433
21845,0.9094353
21847,0.009036183
21850,0.96735233
21851,0.013994098
21852,0.030917346
21855,0.012919366
21858,0.010092616
21859,0.0100034475
21860,0.96208316
21864,0.028496444
21866,0.9722556
21867,0.022867203
21868,0.020629287
21869,0.96654624
21870,0.013020396
21876,0.97286886
21879,0.12099171
21880,0.94261086
21881,0.77127695
21885,0.9188326
21886,0.017106473
21887,0.05149561
21889,0.96788687
21890,0.010742366
21891,0.96308374
21892,0.6323911
21893,0.31611937
21895,0.99063
21900,0.03207302
21905,0.983642
21907,0.0062683225
21909,0.017511368
21910,0.94548565
21911,0.9191377
21915,0.9707104
21918,0.9823921
21920,0.6538638
21924,0.955244
21928,0.0074787736
21929,0.01233238
21934,0.010811627
21935,0.9562877
21936,0.96474403
21937,0.94898415
21938,0.9659367
21940,0.011227548
21942,0.009433687
21944,0.005656481
21945,0.021302879
21946,0.9261847
21947,0.010969102
21948,0.012928307
21950,0.020439446
21951,0.09570682
21952,0.0101233125
21956,0.040936947
21957,0.026045144
21958,0.953069
21959,0.016285002
21960,0.0119229555
21965,0.010760665
21968,0.9695136
21969,0.009667337
21970,0.013097882
21972,0.1116184
21973,0.02379316
21976,0.015374541
21977,0.0087864995
21980,0.98852795
21981,0.9718715
21983,0.008542955
21984,0.21373957
21985,0.97466326
21986,0.014526248
21987,0.005902648
21988,0.9687918
21989,0.1296897
21990,0.021762908
21991,0.28724653
21992,0.9772241
21993,0.010595024
21994,0.011845231
21995,0.969124
21996,0.013311565
21997,0.9675549
21999,0.08395702
22000,0.043914974
22001,0.09610164
22003,0.0092231035
22004,0.9714108
22006,0.41535532
22007,0.94169533
22008,0.9773059
22009,0.009782493
22010,0.9268103
22011,0.97657096
22013,0.022968948
22014,0.013310194
22015,0.78733236
22017,0.9556229
22018,0.008547664
22020,0.10132426
22022,0.012281895
22026,0.96502537
22027,0.1349724
22029,0.010268927
22030,0.007518232
22032,0.0066895485
22033,0.011427879
22035,0.9597493
22036,0.9623709
22037,0.006363511
22038,0.61846375
22039,0.009177446
22041,0.96029747
22045,0.031906128
22048,0.027833521
22050,0.131455
22052,0.51254106
22053,0.9817631
22055,0.97503346
22056,0.029002905
22058,0.9640687
22060,0.9373336
22061,0.016134202
22063,0.9397593
22064,0.9649135
22065,0.991202
22067,0.9548061
22068,0.00841707
22070,0.1199106
22071,0.013591766
22075,0.007580459
22077,0.046626806
22078,0.013722599
22080,0.01130867
22081,0.024047077
22082,0.9674182
22084,0.9656708
22085,0.9899632
22087,0.03390163
22090,0.018389463
22092,0.013704598
22097,0.023867905
22100,0.9576075
22106,0.95902544
22107,0.022644937
22111,0.96992046
22112,0.01393187
22113,0.6422557
22115,0.09326577
22116,0.012885809
22119,0.9524943
22120,0.019019246
22121,0.011524916
22123,0.019117892
22124,0.9651082
22126,0.9881386
22127,0.090088665
22128,0.97597396
22129,0.02110827
22130,0.96878654
22131,0.06326491
22132,0.17737085
22133,0.06700462
22134,0.008431137
22136,0.009658933
22140,0.009527683
22142,0.02300191
22143,0.8960391
22145,0.02994126
22147,0.08820319
22149,0.011485994
22150,0.008384407
22152,0.64451814
22153,0.7646564
22155,0.0088967085
22156,0.009796977
22157,0.011948466
22158,0.012301445
22160,0.08296329
22161,0.008450389
22163,0.20479411
22164,0.98420733
22168,0.008109212
22169,0.006552279
22173,0.9915425
22174,0.11153495
22175,0.6996933
22176,0.043237567
22177,0.62800014
22178,0.0132851
22181,0.9680613
22182,0.005474806
22185,0.3008843
22187,0.9772028
22188,0.9063324
22189,0.03418851
22190,0.018812776
22191,0.024523616
22192,0.0072306395
22194,0.02625519
22196,0.029909551
22197,0.9732328
22198,0.016303718
22199,0.8758886
22202,0.011587322
22206,0.030284286
22207,0.59572303
22209,0.9369226
22211,0.015601039
22217,0.9464117
22219,0.0129675865
22220,0.012460589
22222,0.0113098025
22223,0.008089125
22224,0.030788481
22225,0.96673423
22226,0.010934114
22227,0.008499622
22230,0.01164788
22233,0.0054412484
22234,0.008753121
22235,0.012234986
22237,0.9620299
22239,0.9673274
22240,0.93707675
22241,0.0073595643
22243,0.4170308
22246,0.011711359
22247,0.9691713
22248,0.16004062
22250,0.9615577
22252,0.97061884
22253,0.968734
22255,0.9561142
22261,0.9760882
22265,0.86618817
22266,0.013329208
22269,0.011509657
22274,0.56336516
22275,0.10032803
22276,0.5931507
22278,0.9897282
22279,0.08508426
22281,0.9869775
22282,0.9717325
22283,0.9531344
22285,0.029874742
22286,0.11171138
22287,0.9685888
22288,0.88605046
22290,0.93231493
22291,0.51571226
22295,0.057842553
22301,0.9537767
22302,0.9328414
22303,0.56461155
22305,0.01898551
22306,0.043519974
22307,0.009973884
22309,0.033462524
22310,0.14579636
22312,0.0109984875
22313,0.5174688
22314,0.01596123
22315,0.01864016
22320,0.28981704
22321,0.013835192
22322,0.019406557
22323,0.9793379
22324,0.023827195
22327,0.9662659
22329,0.9888988
22331,0.036931455
22332,0.010489166
22334,0.9625653
22339,0.5608386
22342,0.02765137
22343,0.0371055
22344,0.008743286
22347,0.010260522
22349,0.13577735
22352,0.0068110228
22354,0.97483075
22355,0.017237425
22356,0.9683572
22357,0.9704407
22360,0.010717988
22361,0.0050916076
22366,0.8892102
22368,0.12932986
22371,0.0065712333
22372,0.3126312
22373,0.011103511
22374,0.9774729
22376,0.97419655
22378,0.97648966
22382,0.01068145
22383,0.93089795
22385,0.00883162
22387,0.8982425
22391,0.011025786
22392,0.09461981
22394,0.9670339
22396,0.008674204
22397,0.01640153
22399,0.9591025
22400,0.008156836
22403,0.958625
22408,0.9890037
22409,0.009396851
22411,0.024398506
22412,0.4119426
22413,0.024305582
22415,0.0124540925
22416,0.0067777634
22417,0.953257
22418,0.11870837
22419,0.06624991
22420,0.19032204
22421,0.0976007
22424,0.011151552
22426,0.96728176
22428,0.9586796
22429,0.9888108
22432,0.97296834
22433,0.8692761
22434,0.04170692
22435,0.9749062
22437,0.008897185
22438,0.96057665
22439,0.014306068
22440,0.009934068
22442,0.02690357
22444,0.0078009963
22445,0.05298102
22449,0.9701939
22450,0.007710755
22453,0.97328895
22455,0.16084868
22456,0.9529996
22461,0.00950259
22463,0.03270495
22467,0.8854139
22468,0.96172154
22469,0.018628538
22470,0.24745375
22472,0.78403854
22473,0.19519955
22481,0.3943624
22482,0.04260224
22483,0.005960226
22486,0.0069776177
22489,0.9709249
22492,0.01394099
22493,0.9619703
22494,0.9634788
22496,0.016807973
22500,0.16388416
22501,0.0531137
22503,0.9640603
22506,0.027404487
22507,0.9698336
22511,0.91511047
22514,0.015255272
22517,0.01435715
22518,0.07745433
22520,0.9414437
22523,0.9725741
22526,0.0328331
22527,0.77427745
22530,0.0119950175
22531,0.9649454
22532,0.9655863
22533,0.957419
22534,0.0086147785
22535,0.0066170692
22536,0.96966165
22537,0.047151983
22538,0.13808823
22539,0.0067899823
22542,0.9873018
22543,0.93209916
22544,0.06139809
22545,0.01826024
22549,0.08272445
22550,0.96781385
22551,0.9701309
22553,0.9589028
22556,0.0076065063
22557,0.013086259
22558,0.7669492
22559,0.007384658
22560,0.97815394
22561,0.9908542
22562,0.5020691
22563,0.02607125
22564,0.012350619
22565,0.010791719
22567,0.010850012
22568,0.9593658
22569,0.037463546
22570,0.0077581406
22571,0.967197
22573,0.9748682
22574,0.049218535
22576,0.013415098
22577,0.9854381
22578,0.022647679
22580,0.9622178
22581,0.02491504
22583,0.5122229
22586,0.49633896
22588,0.019318998
22590,0.20256871
22593,0.017135859
22595,0.9705324
22600,0.012365937
22601,0.66601807
22602,0.9636108
22603,0.024807572
22604,0.982638
22605,0.9592986
22607,0.9567887
22608,0.9601463
22610,0.12252283
22613,0.01380676
22616,0.012254417
22617,0.97408587
22618,0.020219982
22619,0.011848569
22621,0.292984
22622,0.009820104
22623,0.8353734
22625,0.104702055
22626,0.008450389
22627,0.08985412
22628,0.039967
22630,0.64024436
22631,0.01150918
22640,0.02168101
22647,0.14046085
22650,0.96614736
22651,0.039150715
22655,0.02708292
22656,0.9607725
22657,0.46748918
22658,0.9718285
22659,0.021942675
22662,0.96665263
22663,0.0052260756
22665,0.013843954
22668,0.97711366
22671,0.17408925
22674,0.949225
22676,0.090660155
22679,0.022001863
22682,0.1813398
22685,0.8967741
22688,0.025283277
22691,0.0075187683
22693,0.07548571
22695,0.9804001
22697,0.9813931
22699,0.09128183
22700,0.064228535
22702,0.85752636
22705,0.9809621
22706,0.008089721
22707,0.9890422
22712,0.008279324
22716,0.99201524
22718,0.008056283
22719,0.0107399225
22720,0.10682845
22723,0.96756727
22725,0.021030426
22727,0.98163795
22728,0.8479045
22730,0.006086886
22731,0.9084675
22732,0.023005247
22734,0.94855285
22736,0.009950876
22740,0.26354754
22741,0.034598947
22744,0.09801847
22745,0.08197528
22747,0.009851575
22749,0.019764066
22750,0.013635278
22751,0.015096188
22753,0.008654714
22754,0.44150728
22755,0.014454007
22756,0.0147694945
22757,0.061064363
22758,0.045753717
22760,0.009769499
22761,0.015981615
22764,0.013466477
22765,0.102950454
22766,0.17047912
22769,0.008315444
22770,0.98436254
22771,0.93525016
22772,0.015468657
22774,0.10772067
22775,0.010772228
22776,0.009039998
22778,0.012170315
22780,0.009252787
22781,0.029270113
22782,0.0862301
22783,0.011924386
22786,0.009910107
22787,0.9834606
22788,0.6538455
22789,0.91648376
22792,0.013357282
22795,0.009309888
22796,0.9666641
22797,0.026164055
22799,0.010004163
22803,0.013439119
22805,0.019853294
22807,0.014292419
22809,0.9344073
22810,0.08551037
22812,0.9441151
22813,0.9641293
22814,0.9223576
22815,0.09009403
22816,0.0081089735
22820,0.010528028
22821,0.018965065
22823,0.039613664
22824,0.017475903
22827,0.97179675
22828,0.017296553
22829,0.9841951
22830,0.9004588
22832,0.011057615
22834,0.960464
22838,0.019877374
22840,0.014450729
22842,0.13117623
22843,0.012056887
22846,0.012768209
22847,0.9134165
22851,0.9390841
22852,0.7816694
22853,0.87760186
22854,0.541878
22856,0.08326846
22857,0.2737583
22859,0.020596683
22861,0.9583201
22862,0.0065963864
22863,0.014695585
22864,0.26864946
22865,0.95757574
22869,0.25230408
22870,0.29569787
22871,0.92596066
22874,0.0065862536
22875,0.13536733
22878,0.97707117
22881,0.006171286
22883,0.09216452
22884,0.8657907
22888,0.028407395
22889,0.93054914
22890,0.957075
22893,0.9668319
22895,0.9418767
22896,0.9672868
22898,0.008218944
22899,0.19736308
22900,0.061691523
22901,0.17104232
22902,0.9415392
22903,0.010653317
22904,0.011791229
22906,0.0902369
22911,0.9700689
22912,0.01966995
22913,0.010606885
22917,0.009147823
22918,0.015742183
22919,0.9657038
22920,0.009746373
22922,0.020561934
22923,0.09546673
22924,0.009319723
22926,0.011407137
22928,0.010835111
22932,0.012227237
22933,0.95933133
22935,0.006592512
22936,0.009837747
22937,0.06447393
22941,0.010371208
22942,0.9624983
22943,0.036153674
22945,0.072491586
22949,0.011023462
22951,0.052438676
22952,0.9740815
22953,0.0115558505
22954,0.008489847
22955,0.9716462
22956,0.09391236
22958,0.015370727
22960,0.96945834
22961,0.039118707
22964,0.018963933
22965,0.013055503
22968,0.88965666
22969,0.008370757
22970,0.017938197
22974,0.07922393
22975,0.088582814
22976,0.00896734
22977,0.01860696
22980,0.96845233
22981,0.4608404
22982,0.0065551996
22986,0.9605807
22987,0.967113
22988,0.96355903
22989,0.010521233
22991,0.009863496
22992,0.9706723
22994,0.96513486
22995,0.02416563
22996,0.010185003
22998,0.019240916
22999,0.009291887
23001,0.9393115
23003,0.015236437
23008,0.56643474
23009,0.01033026
23010,0.009453416
23011,0.007764876
23013,0.016556382
23015,0.9912344
23016,0.019067049
23017,0.96485776
23019,0.017439425
23023,0.8301788
23024,0.013021708
23025,0.092651546
23026,0.9667026
23027,0.9603488
23031,0.18115145
23036,0.011513472
23037,0.025350988
23040,0.9707287
23041,0.74106055
23043,0.01802212
23044,0.009246349
23045,0.018469155
23046,0.96923965
23048,0.0064043403
23049,0.97484607
23050,0.18191808
23051,0.37654203
23055,0.007530749
23056,0.018512845
23063,0.9913079
23065,0.006254196
23066,0.5317541
23067,0.67791873
23073,0.59536713
23074,0.011649609
23075,0.96446043
23076,0.041880548
23079,0.19418293
23080,0.9537541
23082,0.14000571
23083,0.0097286105
23087,0.010752022
23090,0.32513744
23091,0.015971601
23095,0.014237285
23098,0.30477327
23099,0.046967626
23102,0.008749008
23103,0.008063793
23106,0.9665334
23108,0.7613067
23110,0.013068497
23112,0.028080821
23113,0.9725743
23115,0.019212246
23119,0.97239506
23121,0.976979
23128,0.02959466
23131,0.024379432
23132,0.9615136
23133,0.015616953
23134,0.0057901144
23136,0.008507311
23138,0.12213844
23139,0.96510005
23142,0.033325493
23144,0.01672709
23145,0.079793215
23147,0.88294756
23149,0.015198648
23150,0.6995986
23153,0.9520079
23154,0.0059791207
23155,0.3088938
23156,0.009279847
23158,0.9924209
23159,0.017265618
23160,0.015634537
23161,0.11680555
23163,0.010859489
23164,0.009132862
23165,0.22345221
23167,0.9601649
23168,0.016906023
23169,0.016741514
23173,0.47437853
23174,0.013691485
23180,0.015788257
23182,0.8248948
23183,0.008494914
23184,0.9495608
23185,0.019844055
23186,0.97233075
23187,0.014077663
23188,0.96114075
23189,0.010501742
23190,0.87418354
23192,0.009981394
23196,0.69294095
23197,0.017113507
23198,0.95269966
23206,0.9703046
23207,0.018140376
23208,0.07498759
23209,0.14896756
23211,0.9699494
23212,0.9695893
23213,0.9766519
23215,0.8159106
23216,0.4813155
23219,0.010968268
23220,0.023921967
23224,0.00826174
23225,0.010087669
23226,0.9702991
23227,0.9248464
23229,0.0395692
23230,0.13690454
23235,0.011198521
23237,0.011241794
23238,0.04173529
23243,0.94299823
23247,0.010973632
23253,0.009392619
23254,0.012631118
23255,0.017392814
23257,0.97807556
23258,0.9808783
23259,0.92182857
23260,0.9676682
23261,0.89784443
23262,0.009511113
23265,0.96970725
23266,0.42081207
23269,0.96089745
23271,0.96847546
23273,0.22179174
23274,0.96393204
23275,0.009658217
23283,0.95819294
23288,0.12741816
23289,0.34968704
23292,0.04470843
23294,0.8269437
23298,0.9640093
23299,0.068192124
23304,0.96829134
23306,0.008809209
23307,0.1220566
23308,0.04511875
23310,0.95912385
23312,0.7733135
23313,0.114435196
23315,0.9689584
23319,0.011418164
23320,0.01294595
23323,0.01805818
23327,0.013777673
23328,0.05918473
23329,0.010367632
23332,0.041564286
23335,0.13321126
23338,0.9570767
23339,0.0069242716
23342,0.9425133
23344,0.01266855
23345,0.03451264
23348,0.9597846
23349,0.009068489
23354,0.024335444
23355,0.9726705
23357,0.8774414
23358,0.89793795
23360,0.0105416775
23361,0.047173977
23365,0.008110344
23366,0.012499213
23367,0.010974228
23369,0.01801902
23370,0.9864322
23372,0.016072094
23373,0.01867485
23376,0.024925709
23379,0.99198365
23382,0.026551485
23383,0.015106261
23384,0.5461209
23388,0.009745538
23389,0.8797326
23391,0.010654509
23393,0.048608005
23394,0.012166619
23395,0.55722517
23396,0.009801149
23399,0.96381307
23400,0.9889221
23403,0.08439672
23404,0.9662942
23405,0.008545041
23406,0.008418381
23407,0.016481638
23408,0.97583014
23409,0.104824245
23410,0.016776502
23411,0.9611554
23413,0.7528483
23415,0.22077918
23419,0.014652967
23421,0.0121718645
23422,0.96520495
23425,0.89045787
23426,0.1378426
23428,0.9783946
23429,0.9657833
23431,0.0053421855
23434,0.03324473
23436,0.9629173
23437,0.023437202
23438,0.0066627264
23440,0.015935779
23441,0.015078247
23443,0.84573066
23448,0.96317184
23450,0.015096664
23451,0.019727767
23457,0.016131759
23458,0.0072627664
23461,0.045666218
23462,0.964105
23465,0.011189461
23471,0.9657066
23472,0.9466291
23473,0.011197746
23475,0.08707076
23476,0.9376537
23480,0.961534
23483,0.14083236
23488,0.9604569
23490,0.009854615
23491,0.13514155
23492,0.014474034
23493,0.013305545
23494,0.47252846
23496,0.21177197
23499,0.97785753
23500,0.009195566
23503,0.7063178
23505,0.8393756
23506,0.017305315
23507,0.9786728
23509,0.95701337
23510,0.026521444
23511,0.013857424
23512,0.49614453
23513,0.97938055
23515,0.0054925084
23516,0.0939433
23517,0.017083645
23523,0.0107857585
23524,0.010238111
23526,0.012845039
23527,0.65224963
23528,0.010347068
23531,0.019741058
23533,0.040879726
23534,0.009852231
23537,0.95752484
23541,0.9704681
23542,0.97604007
23544,0.19014299
23549,0.017677367
23550,0.019544363
23552,0.9915841
23553,0.022693694
23556,0.930822
23557,0.9645295
23561,0.00832212
23563,0.9544848
23564,0.007638335
23566,0.009992242
23569,0.011454642
23570,0.12190837
23573,0.006367147
23577,0.1072638
23578,0.97680885
23581,0.0053037405
23584,0.008702993
23589,0.9659956
23591,0.9703307
23593,0.01679945
23594,0.014105082
23595,0.019653976
23596,0.015154362
23598,0.81907326
23599,0.01776433
23601,0.07019836
23603,0.008658111
23604,0.9546401
23605,0.012123227
23606,0.01757276
23608,0.006953776
23612,0.97378916
23613,0.009217322
23616,0.9671319
23617,0.054602325
23621,0.008812845
23622,0.9584805
23625,0.02395773
23626,0.009606063
23627,0.012099981
23628,0.96669364
23629,0.12693322
23635,0.8476731
23636,0.008861721
23641,0.035175562
23643,0.20342249
23644,0.6425884
23645,0.027475536
23646,0.007660508
23648,0.9683853
23649,0.009026229
23650,0.9691035
23651,0.19611448
23655,0.5444931
23656,0.013286948
23657,0.14076614
23658,0.068893135
23659,0.008200765
23662,0.06036812
23665,0.92891115
23666,0.019442797
23667,0.014037192
23668,0.8765867
23673,0.026706755
23675,0.99145573
23676,0.59107256
23677,0.036501825
23678,0.054042757
23680,0.009986997
23682,0.009467006
23683,0.08524549
23684,0.009826183
23685,0.014009953
23686,0.012401283
23687,0.08210856
23688,0.0050922036
23689,0.96260995
23690,0.96663004
23692,0.008444369
23695,0.014613152
23696,0.019054294
23697,0.9743191
23698,0.014652848
23699,0.008506417
23701,0.9717874
23702,0.008744717
23706,0.010830224
23707,0.0271039
23708,0.9693053
23710,0.012294233
23712,0.96274817
23714,0.95208204
23716,0.07853258
23723,0.03267604
23726,0.012471318
23728,0.013068736
23730,0.98332626
23731,0.95621777
23736,0.9726521
23737,0.9700305
23738,0.012968063
23739,0.00639081
23740,0.06527239
23746,0.025096714
23747,0.972041
23751,0.88588357
23753,0.048083425
23757,0.058793247
23760,0.008912981
23762,0.9098016
23764,0.9724835
23767,0.05095285
23768,0.9140612
23769,0.9664868
23770,0.92872113
23771,0.033032775
23772,0.9846654
23773,0.121548414
23775,0.97515327
23776,0.9671476
23781,0.04625511
23782,0.006998539
23784,0.088754594
23786,0.91089344
23788,0.02100575
23790,0.011842072
23792,0.8150729
23793,0.0079699755
23794,0.008541763
23796,0.33324492
23797,0.015261412
23798,0.013365746
23800,0.014862299
23801,0.9645635
23802,0.018737257
23807,0.0326339
23808,0.98922193
23809,0.91801363
23811,0.98398477
23813,0.01809442
23815,0.787286
23816,0.0075241923
23819,0.9645585
23820,0.015110612
23821,0.53029114
23822,0.007658243
23825,0.026830435
23826,0.021391928
23827,0.16702533
23828,0.93800956
23830,0.03427154
23831,0.9693909
23832,0.04620856
23833,0.057533383
23834,0.014813602
23835,0.9731542
23836,0.95836043
23839,0.18127811
23841,0.63246965
23843,0.6903614
23844,0.0089559555
23845,0.20085114
23847,0.011320531
23850,0.008110464
23851,0.016329527
23853,0.98344755
23856,0.0055390596
23857,0.011308074
23860,0.78857136
23861,0.14235008
23863,0.006336689
23864,0.09871155
23865,0.14365608
23867,0.91516805
23868,0.029778719
23870,0.009650826
23871,0.011510313
23874,0.96156967
23875,0.021200418
23877,0.009703577
23882,0.011981964
23885,0.99183345
23886,0.96922535
23887,0.84116364
23890,0.972524
23891,0.9194553
23893,0.21957117
23894,0.97512764
23896,0.93483824
23899,0.025123
23902,0.016679823
23904,0.023402393
23905,0.012048304
23908,0.013383985
23910,0.043549
23911,0.9551483
23912,0.014673829
23913,0.038912833
23914,0.022690535
23920,0.009906828
23923,0.9827932
23925,0.9845928
23926,0.9656839
23927,0.0171448
23933,0.9879423
23934,0.036064386
23936,0.97965276
23938,0.97961
23940,0.7034834
23941,0.05162394
23947,0.9075471
23948,0.015030384
23949,0.016462982
23950,0.95792073
23954,0.015137136
23958,0.97169083
23959,0.031718075
23960,0.010247588
23962,0.018682957
23963,0.083411574
23964,0.9705956
23966,0.008747399
23968,0.70029104
23971,0.27347338
23974,0.9116297
23976,0.98566073
23978,0.0072463155
23979,0.9735074
23980,0.97601205
23982,0.011052012
23985,0.964843
23987,0.97638464
23988,0.019015193
23989,0.99189556
23990,0.013651371
23991,0.9625734
23992,0.4928338
23994,0.9696435
23996,0.9502062
23997,0.026146531
24002,0.009538591
24007,0.022115827
24009,0.015103221
24012,0.2795335
24013,0.027324438
24015,0.049776554
24016,0.026448667
24022,0.15188628
24023,0.9484068
24026,0.9876383
24027,0.012294531
24028,0.97436875
24030,0.019562125
24031,0.019476712
24032,0.013084531
24034,0.9564795
24036,0.12366581
24037,0.17197073
24039,0.20455939
24040,0.007490754
24041,0.021950662
24042,0.010361791
24048,0.02348584
24050,0.013099015
24051,0.008709431
24054,0.82821417
24057,0.03339815
24059,0.0056627393
24060,0.96531904
24061,0.012399316
24062,0.8262721
24063,0.01519829
24064,0.011266232
24066,0.9709954
24067,0.010242343
24069,0.9749765
24070,0.16232646
24071,0.008751869
24072,0.014144838
24078,0.028416097
24081,0.95103616
24082,0.0068796873
24084,0.0066048503
24085,0.96028847
24086,0.014311075
24087,0.969406
24089,0.040132523
24090,0.011365175
24091,0.09111643
24093,0.029515505
24094,0.03401512
24095,0.6149636
24098,0.12865967
24099,0.07846719
24100,0.0875929
24105,0.078282535
24106,0.007984757
24109,0.095277786
24110,0.082246125
24113,0.015979767
24114,0.0281173
24115,0.97519577
24116,0.13878828
24117,0.111542225
24121,0.0146455765
24122,0.015233755
24123,0.043902338
24124,0.027365506
24126,0.271461
24127,0.070135474
24129,0.20068872
24138,0.005354047
24142,0.010568261
24145,0.15506166
24146,0.012122393
24147,0.96849
24148,0.9194006
24149,0.0068416
24150,0.94594276
24151,0.96272063
24153,0.010990918
24156,0.8652404
24158,0.039121985
24159,0.9623136
24161,0.97033507
24162,0.9711071
24165,0.9564476
24168,0.009105444
24169,0.0153644085
24175,0.11304259
24176,0.00998497
24177,0.9877288
24180,0.9921816
24182,0.9416671
24184,0.507148
24185,0.01351732
24186,0.0076079965
24191,0.034161568
24192,0.00902456
24193,0.008211672
24195,0.010663629
24196,0.72074324
24197,0.009887755
24198,0.48299414
24199,0.01674956
24200,0.045149148
24204,0.032512963
24206,0.9626237
24207,0.02519989
24208,0.8859074
24209,0.010322213
24212,0.012592673
24213,0.010464609
24215,0.024888396
24218,0.99085784
24219,0.009030521
24220,0.16982853
24223,0.062226415
24229,0.98712194
24232,0.0059109926
24233,0.96720105
24236,0.007744789
24238,0.034706414
24242,0.92599463
24243,0.71135724
24247,0.14240927
24249,0.012533963
24252,0.95841765
24254,0.02233237
24256,0.9666357
24257,0.27257144
24258,0.21606767
24264,0.012492776
24265,0.9628913
24267,0.010065973
24272,0.9676151
24274,0.1485973
24275,0.013577282
24278,0.025927603
24281,0.024692059
24285,0.7027476
24286,0.9915967
24288,0.007118225
24289,0.99187785
24291,0.15567666
24294,0.17855787
24295,0.1215443
24298,0.022181273
24299,0.010472119
24301,0.0123900175
24304,0.56512415
24306,0.945231
24307,0.9529237
24310,0.9739316
24314,0.9612773
24316,0.036271274
24318,0.10700697
24319,0.19187683
24320,0.028966844
24321,0.8002599
24323,0.01158464
24324,0.009774864
24326,0.98621553
24328,0.9735751
24329,0.9762389
24337,0.9860078
24338,0.9531851
24340,0.008308053
24341,0.9621502
24345,0.07087964
24346,0.015651882
24348,0.012286305
24349,0.9899715
24350,0.48271686
24353,0.9387369
24354,0.0118172765
24356,0.97018033
24357,0.76580036
24358,0.008318484
24359,0.06830835
24360,0.013462424
24361,0.97885066
24362,0.009265304
24363,0.010651708
24365,0.112770736
24366,0.9667651
24368,0.010153234
24370,0.9292717
24375,0.019533455
24376,0.036671698
24378,0.94798225
24379,0.14219612
24381,0.089704275
24382,0.7286838
24384,0.010755539
24385,0.9450785
24386,0.011951804
24387,0.69016397
24391,0.9719158
24392,0.94298476
24395,0.015601397
24399,0.9692526
24402,0.9917428
24403,0.42828488
24404,0.096738875
24405,0.009960234
24406,0.967751
24407,0.010798097
24408,0.02173543
24410,0.015993893
24417,0.8310267
24418,0.5508781
24419,0.17255086
24420,0.014307141
24421,0.78162026
24422,0.9689074
24423,0.9700022
24424,0.9730751
24427,0.017623842
24430,0.0056402087
24432,0.013658345
24434,0.035417795
24435,0.07095075
24439,0.02298814
24441,0.015958786
24442,0.016622901
24444,0.0140811205
24446,0.123969495
24447,0.0101674795
24448,0.11236423
24449,0.0069637895
24450,0.9618985
24454,0.9649875
24455,0.008100152
24458,0.08987051
24459,0.97355545
24460,0.007894993
24461,0.01044023
24462,0.0087944865
24463,0.79493016
24465,0.08455956
24466,0.91496855
24469,0.011793673
24470,0.010609329
24471,0.012814224
24474,0.012746751
24475,0.029863298
24477,0.96634173
24480,0.9695871
24487,0.9783209
24491,0.111139536
24493,0.006295979
24494,0.014073789
24495,0.7898841
24496,0.9722403
24502,0.9618499
24503,0.009825587
24504,0.016182303
24505,0.7608465
24506,0.97082454
24508,0.16509032
24510,0.0068278313
24511,0.09900653
24513,0.9110539
24514,0.0627656
24515,0.97239804
24518,0.9798447
24519,0.82012606
24521,0.109750986
24523,0.9460611
24525,0.9133378
24526,0.9907967
24527,0.97547436
24528,0.0122841
24537,0.95906675
24538,0.007976651
24539,0.027188182
24540,0.96221375
24541,0.9910402
24542,0.013522148
24545,0.02620548
24547,0.98501635
24548,0.011775613
24549,0.91473573
24550,0.96665955
24551,0.014842391
24552,0.03764355
24553,0.9733399
24554,0.96554196
24557,0.95628947
24558,0.021610498
24559,0.011294901
24562,0.97109437
24563,0.9643236
24564,0.95508695
24565,0.047136545
24566,0.120652914
24570,0.010571659
24571,0.022089541
24572,0.008313715
24574,0.033534408
24575,0.9653153
24576,0.0064864755
24578,0.036914885
24579,0.060503423
24580,0.020154417
24589,0.008115649
24590,0.008032024
24592,0.8512058
24593,0.9768171
24594,0.015900612
24596,0.009379625
24597,0.011452198
24601,0.008485317
24602,0.96512526
24603,0.9662532
24604,0.029740095
24605,0.010040045
24607,0.18752038
24609,0.01706177
24610,0.012117982
24611,0.007578194
24612,0.121397436
24616,0.011998117
24617,0.028894305
24620,0.017020345
24621,0.19631433
24622,0.04144621
24624,0.9631734
24625,0.0150101185
24627,0.965315
24631,0.94901454
24635,0.9516564
24636,0.010353982
24637,0.034410954
24640,0.94625443
24641,0.014345348
24642,0.9685366
24644,0.028986692
24645,0.15759104
24647,0.24554735
24649,0.9072513
24650,0.017988443
24653,0.96976364
24654,0.9682479
24658,0.06721842
24659,0.9863718
24662,0.97694516
24665,0.02569604
24666,0.9860634
24677,0.007927835
24679,0.025336027
24680,0.013463199
24682,0.019622386
24683,0.017274559
24684,0.029287636
24687,0.9709622
24689,0.09012282
24692,0.9644331
24693,0.037187397
24694,0.9292402
24696,0.054951787
24698,0.96107024
24699,0.21754336
24700,0.9598564
24701,0.010964215
24703,0.8518945
24705,0.011645079
24706,0.026331246
24708,0.9621434
24709,0.013060331
24710,0.009074211
24712,0.01595068
24713,0.0063351393
24715,0.008041859
24717,0.01551187
24718,0.94348985
24721,0.0067974925
24724,0.011372507
24729,0.043451607
24730,0.009344518
24731,0.9605948
24734,0.010531068
24735,0.014573932
24736,0.7408884
24738,0.036250472
24739,0.9614581
24740,0.0064979196
24741,0.67257607
24742,0.020330071
24743,0.014530301
24745,0.9548291
24747,0.9583278
24748,0.04197079
24749,0.013529837
24752,0.64701253
24753,0.011911333
24755,0.026440322
24756,0.01775664
24763,0.9809558
24765,0.9595217
24766,0.020771146
24768,0.92715293
24771,0.013610542
24773,0.8969685
24774,0.9354916
24776,0.0051597953
24779,0.05167651
24781,0.0074617267
24782,0.07269251
24784,0.010165274
24786,0.028465807
24788,0.929285
24790,0.007444918
24794,0.026108325
24796,0.009495795
24797,0.025538743
24799,0.46546817
24801,0.023151994
24804,0.012353301
24807,0.9642641
24808,0.008249819
24810,0.9748704
24815,0.007209897
24817,0.9905365
24818,0.009491801
24819,0.015545249
24820,0.015411198
24822,0.9700417
24824,0.9288922
24825,0.8672653
24826,0.020439088
24833,0.05252385
24834,0.011231959
24837,0.015394449
24838,0.01565057
24839,0.36423498
24840,0.9422389
24841,0.036794007
24842,0.9888203
24843,0.055959046
24847,0.04552716
24848,0.06836575
24849,0.96510345
24851,0.0111202
24852,0.9502435
24855,0.95461184
24861,0.92139304
24864,0.8957492
24869,0.00999552
24875,0.953073
24878,0.99071157
24879,0.97360355
24880,0.29059428
24882,0.0059795976
24883,0.87168723
24884,0.5149853
24885,0.8271341
24886,0.9443596
24887,0.013423204
24891,0.76990634
24892,0.11973184
24897,0.97462165
24898,0.14142281
24899,0.012255609
24900,0.96792537
24901,0.9884964
24902,0.032047868
24904,0.97499424
24905,0.9750449
24906,0.9659819
24909,0.018679202
24910,0.9706972
24912,0.9618333
24916,0.68544847
24917,0.09628677
24920,0.0060601234
24921,0.015508115
24922,0.009115756
24925,0.05882573
24926,0.006405294
24927,0.96512127
24930,0.988013
24931,0.97173864
24933,0.010708153
24936,0.14631695
24939,0.97940844
24944,0.98716176
24946,0.019114554
24947,0.011217177
24948,0.9643974
24950,0.9127917
24951,0.022228122
24952,0.96504444
24953,0.9755175
24954,0.99098605
24955,0.97124434
24956,0.023671329
24957,0.045784056
24958,0.16315961
24960,0.026832998
24961,0.008488238
24962,0.022297442
24964,0.14820176
24967,0.96287745
24968,0.010846674
24970,0.8590072
24971,0.04996741
24973,0.020042479
24974,0.19343239
24975,0.56762123
24976,0.0140910745
24978,0.9619944
24979,0.02076304
24980,0.964866
24981,0.07426745
24982,0.03127086
24984,0.020364046
24986,0.009014964
24988,0.007886052
24989,0.01311177
24991,0.0136345625
24992,0.9908023
24993,0.0077691674
24994,0.8038844
24996,0.014588296
24997,0.05065906
24998,0.008717537
25000,0.025920153
25001,0.017704725
25002,0.67958593
25006,0.0081858635
25007,0.99025524
25012,0.9620972
25014,0.047332406
25015,0.023061693
25016,0.9382835
25017,0.95751834
25019,0.17717004
25020,0.0076488853
25021,0.011288047
25022,0.010512233
25029,0.9086362
25030,0.025492668
25031,0.007494271
25032,0.97154254
25033,0.97069
25034,0.0077673197
25035,0.9887205
25036,0.96417844
25038,0.0069636703
25039,0.035293877
25041,0.19316709
25042,0.019535542
25045,0.016061127
25046,0.013307393
25047,0.9900031
25049,0.00782156
25053,0.017907143
25055,0.009341598
25058,0.9467887
25060,0.9387507
25061,0.9264284
25064,0.042448044
25066,0.008809805
25067,0.96702075
25068,0.013059914
25070,0.15338445
25071,0.00852865
25073,0.09151107
25075,0.8765325
25077,0.012870252
25078,0.7636951
25085,0.94101244
25086,0.007487178
25088,0.96146494
25091,0.97116834
25093,0.9643986
25094,0.0069705844
25095,0.020726085
25098,0.007657349
25101,0.0069468617
25102,0.96676064
25104,0.98802376
25105,0.041555762
25108,0.96373314
25109,0.9713691
25110,0.011266112
25112,0.76289475
25113,0.97328806
25114,0.96911037
25117,0.0857324
25119,0.15170598
25121,0.009642899
25122,0.011627734
25123,0.012207806
25124,0.017301202
25128,0.018384635
25129,0.9644698
25131,0.59595585
25132,0.95427024
25133,0.010940552
25134,0.8860263
25136,0.8288165
25137,0.9504692
25138,0.9176058
25140,0.089591384
25141,0.005851507
25144,0.008527279
25145,0.08409262
25150,0.9886078
25151,0.18152243
25152,0.96654755
25154,0.9902038
25155,0.97842234
25157,0.026566386
25158,0.019389749
25159,0.00956732
25160,0.97678024
25164,0.9830191
25165,0.14611405
25166,0.9632002
25167,0.09051061
25169,0.021108449
25173,0.9697709
25174,0.010167956
25175,0.027056158
25176,0.011385798
25178,0.04927033
25179,0.7918058
25180,0.18336809
25181,0.010437787
25182,0.96771485
25183,0.1112296
25185,0.07283342
25188,0.96199805
25190,0.036097288
25191,0.011900842
25194,0.040484786
25198,0.96520156
25199,0.009780943
25200,0.007118106
25201,0.009792626
25202,0.027222693
25204,0.9300942
25206,0.015221655
25209,0.010405302
25212,0.9686397
25214,0.017683446
25218,0.020927072
25220,0.15204
25221,0.011714578
25222,0.45933086
25225,0.013291597
25228,0.007935226
25231,0.005924225
25236,0.9721147
25238,0.9834373
25239,0.9696396
25240,0.07859951
25241,0.9732265
25242,0.010045886
25246,0.9660269
25249,0.0124922395
25250,0.009890556
25251,0.012979209
25253,0.009915352
25254,0.0061059594
25263,0.14488536
25264,0.0145407915
25268,0.14964682
25270,0.97434044
25271,0.96007705
25275,0.029786766
25277,0.016023278
25278,0.0074782968
25280,0.0092840195
25281,0.9683538
25282,0.0064754486
25285,0.015278399
25287,0.02197504
25289,0.11179316
25290,0.032482922
25291,0.9392235
25292,0.032969594
25294,0.028499126
25296,0.9912328
25298,0.011947751
25299,0.9844597
25300,0.009787619
25303,0.012781918
25304,0.90050876
25307,0.014246762
25308,0.00872314
25310,0.9689276
25312,0.07192731
25313,0.9665943
25314,0.09831154
25315,0.04267472
25320,0.009476483
25323,0.14892656
25324,0.009751499
25326,0.009543836
25328,0.18661493
25329,0.9646899
25331,0.010796368
25333,0.011213422
25335,0.014841497
25336,0.98644733
25337,0.96614426
25339,0.011438787
25342,0.7188777
25343,0.07193118
25345,0.10123259
25347,0.14563853
25349,0.013366818
25350,0.00972563
25352,0.019325852
25353,0.04533595
25355,0.010063291
25356,0.017212212
25360,0.014543116
25361,0.047421515
25362,0.7031487
25363,0.22073936
25364,0.9753737
25368,0.0105679035
25369,0.03034246
25371,0.01177597
25373,0.9420973
25374,0.98409635
25375,0.106523454
25376,0.047530413
25377,0.25078225
25380,0.9579078
25381,0.97354907
25383,0.010178328
25386,0.29572207
25387,0.01306814
25389,0.017441511
25390,0.99016976
25392,0.9048296
25395,0.009609342
25398,0.009701252
25401,0.9693369
25402,0.010834396
25404,0.96763563
25405,0.9703525
25407,0.8901494
25409,0.010515153
25410,0.7585573
25413,0.9645235
25415,0.086048186
25416,0.021913588
25417,0.01701963
25418,0.27568913
25420,0.009877861
25423,0.023423553
25426,0.021101058
25427,0.03804934
25429,0.013342917
25432,0.17983496
25433,0.012357235
25434,0.6787257
25438,0.007470429
25440,0.97261614
25442,0.011696577
25443,0.070962965
25446,0.100382626
25447,0.3359853
25448,0.04483694
25450,0.10142118
25451,0.014298439
25452,0.050439656
25453,0.017521381
25454,0.11361337
25457,0.9922627
25459,0.9635054
25461,0.11598557
25462,0.035535574
25463,0.07023013
25464,0.021113932
25465,0.5057814
25466,0.011041284
25469,0.11305255
25470,0.016958475
25472,0.91616553
25473,0.00794816
25474,0.96269417
25477,0.007677257
25478,0.9694372
25482,0.007812381
25483,0.00701046
25484,0.014752507
25485,0.0087067485
25486,0.98160017
25488,0.02451706
25490,0.9849687
25492,0.013693273
25493,0.01724857
25495,0.18048006
25496,0.014407992
25499,0.9702698
25501,0.8010019
25503,0.014355421
25504,0.007121384
25505,0.9644513
25507,0.12650824
25508,0.92289674
25509,0.9880047
25511,0.01620692
25512,0.008260131
25513,0.017344117
25514,0.012438178
25516,0.9732103
25517,0.1545127
25519,0.9614132
25522,0.9682432
25523,0.925438
25526,0.9617033
25527,0.08406782
25529,0.97622633
25530,0.031234205
25532,0.0075082183
25534,0.8848745
25536,0.9650017
25543,0.9616476
25544,0.9556754
25545,0.0070149302
25548,0.008771896
25550,0.8965477
25551,0.73655546
25554,0.03001982
25555,0.009968638
25557,0.034662426
25559,0.010563135
25560,0.96304137
25561,0.97344196
25562,0.0110324025
25565,0.015417695
25567,0.022051334
25569,0.015500307
25571,0.97149765
25572,0.025948346
25573,0.9743906
25575,0.91799784
25576,0.024451375
25578,0.13043416
25581,0.008840978
25585,0.013272941
25587,0.9707579
25588,0.080094695
25595,0.010677159
25596,0.06353909
25597,0.85221314
25601,0.98741174
25602,0.7838491
25603,0.0151408315
25604,0.6742797
25605,0.02604878
25606,0.010160685
25607,0.21102655
25609,0.011528015
25611,0.012820065
25614,0.021313488
25615,0.5805305
25616,0.043102443
25617,0.021178126
25618,0.9517755
25620,0.009443164
25622,0.9099298
25624,0.96368134
25628,0.991124
25629,0.9346714
25631,0.011581242
25632,0.87580556
25633,0.010512114
25634,0.008294225
25637,0.025016248
25639,0.9519284
25641,0.009774506
25645,0.1225664
25646,0.9704038
25651,0.9682729
25652,0.9688494
25653,0.006557584
25654,0.84269464
25657,0.06895989
25659,0.9704083
25660,0.97260374
25661,0.15776926
25662,0.8755101
25665,0.051330924
25667,0.011043251
25669,0.018661976
25671,0.11618811
25672,0.009958267
25673,0.9907943
25674,0.10940528
25675,0.3098997
25676,0.46902025
25679,0.019660532
25680,0.012129366
25681,0.36427355
25682,0.021765292
25683,0.099760234
25686,0.0059013367
25687,0.15513277
25688,0.9665779
25690,0.060253143
25691,0.01602745
25692,0.12188637
25693,0.044952214
25696,0.96843493
25697,0.0052018166
25698,0.97384655
25699,0.07473856
25702,0.007321954
25704,0.96698534
25705,0.011685371
25707,0.9693395
25708,0.015485585
25711,0.009390533
25712,0.00923866
25713,0.9565419
25714,0.3983124
25716,0.9694195
25717,0.017275393
25718,0.016510487
25719,0.20080745
25721,0.8612054
25724,0.023863018
25725,0.016072094
25726,0.016861022
25727,0.007199168
25730,0.9575638
25731,0.0077311397
25732,0.3132009
25734,0.024214327
25735,0.012104988
25737,0.007584989
25739,0.9711114
25741,0.95292115
25742,0.9860082
25745,0.30688846
25748,0.97480273
25749,0.9702937
25750,0.073272765
25751,0.8356493
25752,0.24031144
25753,0.993443
25756,0.018305123
25758,0.023347735
25761,0.010704935
25763,0.009058058
25766,0.009274662
25768,0.0072813034
25769,0.96416056
25772,0.031084836
25773,0.00956887
25774,0.09436864
25775,0.013618231
25776,0.01212883
25777,0.0076945424
25778,0.11213058
25779,0.8778322
25780,0.029348075
25781,0.008050203
25782,0.022692561
25784,0.9685621
25787,0.9684683
25795,0.007709563
25796,0.009909511
25798,0.017966568
25801,0.014466345
25803,0.07510716
25805,0.023134112
25809,0.0124412775
25810,0.8692745
25811,0.014678657
25812,0.009344757
25813,0.14123511
25817,0.9672067
25819,0.016355276
25820,0.012932479
25821,0.8172984
25823,0.014634371
25825,0.011326611
25827,0.007519722
25828,0.9734594
25829,0.9710106
25830,0.009385228
25831,0.016373813
25832,0.9663205
25833,0.04652381
25834,0.011657536
25835,0.25267327
25836,0.97881556
25837,0.9906089
25842,0.028567314
25844,0.9584595
25845,0.16618049
25846,0.023447692
25847,0.96052754
25849,0.99212724
25850,0.09348166
25851,0.02725035
25854,0.12523818
25855,0.1126979
25856,0.95037985
25858,0.013009608
25859,0.9414322
25861,0.0075575113
25862,0.98062813
25864,0.011637151
25865,0.011317968
25867,0.47651398
25868,0.012526631
25869,0.95166546
25872,0.005661905
25873,0.9286126
25874,0.00925231
25876,0.046093166
25878,0.9745838
25883,0.9828479
25884,0.9635041
25886,0.011836231
25887,0.9856557
25890,0.044086456
25892,0.010083616
25893,0.046337843
25895,0.014315724
25896,0.9890243
25898,0.9322957
25899,0.9923059
25901,0.06681895
25902,0.9892812
25903,0.08172572
25907,0.96322095
25908,0.9768314
25912,0.9899175
25913,0.06946635
25914,0.02616781
25915,0.016769826
25917,0.963949
25920,0.54152
25926,0.17980802
25928,0.09389573
25929,0.011983156
25930,0.0066431165
25932,0.008312404
25933,0.034644186
25934,0.04637921
25935,0.16630346
25936,0.017271936
25937,0.042844236
25938,0.012860239
25939,0.9597353
25940,0.1380685
25942,0.00784713
25943,0.14014941
25944,0.95846796
25946,0.9512652
25947,0.034356356
25948,0.06279582
25949,0.94206667
25951,0.016277254
25952,0.64053774
25954,0.9581627
25955,0.9919666
25958,0.17558807
25960,0.99062985
25961,0.9844274
25964,0.011941373
25966,0.010378242
25967,0.9740904
25968,0.62416625
25974,0.010071218
25975,0.96352834
25976,0.014852583
25980,0.009642303
25981,0.9460858
25983,0.009401977
25984,0.034813344
25985,0.021587193
25987,0.007879853
25990,0.9834281
25991,0.9664422
25993,0.007949531
25995,0.009503484
25996,0.01741743
25999,0.0056135654
26000,0.015689373
26001,0.017312229
26003,0.9730203
26004,0.96561396
26005,0.016585171
26006,0.010987997
26008,0.95482266
26009,0.14307237
26011,0.9649125
26013,0.011484563
26017,0.009999275
26018,0.025705636
26023,0.009796619
26024,0.044654608
26025,0.9667178
26026,0.97104436
26027,0.8413353
26028,0.9669375
26029,0.9619898
26032,0.02015543
26034,0.013961732
26035,0.009463489
26036,0.9403884
26042,0.131226
26043,0.0071460605
26044,0.7949398
26047,0.67834944
26048,0.011311114
26049,0.9682693
26052,0.9564627
26053,0.11248332
26056,0.9676008
26057,0.13673657
26060,0.06292313
26068,0.01988113
26069,0.011463761
26072,0.18889856
26073,0.9770625
26076,0.010781646
26086,0.04179573
26087,0.99085337
26088,0.9685986
26090,0.009942472
26093,0.9223479
26094,0.008670449
26095,0.016232967
26096,0.042042017
26097,0.9881531
26098,0.9611513
26099,0.932383
26101,0.0145612955
26106,0.9685736
26108,0.39235562
26110,0.010210693
26111,0.974007
26112,0.15963799
26114,0.00799799
26116,0.14188224
26119,0.4291448
26121,0.16590685
26122,0.90115625
26124,0.026398718
26125,0.010900319
26128,0.18150651
26134,0.8462932
26140,0.9772187
26144,0.9778861
26145,0.96047217
26146,0.97043693
26148,0.010403454
26152,0.9840964
26155,0.009226143
26156,0.3448959
26158,0.9773869
26161,0.019737601
26163,0.030391157
26164,0.97162384
26168,0.60996056
26169,0.0064620376
26170,0.012214184
26171,0.9744149
26172,0.011426806
26173,0.012667716
26175,0.011457443
26176,0.030165017
26177,0.064658105
26182,0.0084396005
26183,0.98847824
26184,0.022385716
26191,0.121379495
26195,0.013655901
26196,0.94866353
26200,0.010293603
26201,0.9912614
26202,0.9665678
26203,0.0074138045
26207,0.028684616
26209,0.9668672
26210,0.99127764
26212,0.041318953
26214,0.025932372
26215,0.020550966
26218,0.06638223
26219,0.01376307
26221,0.013677359
26222,0.08119881
26223,0.053316712
26224,0.98786265
26225,0.67312837
26227,0.018898845
26228,0.97565156
26230,0.8430945
26233,0.98019785
26234,0.9696831
26236,0.74515104
26238,0.97816855
26239,0.932268
26240,0.008480489
26241,0.9831569
26242,0.96917343
26243,0.9855648
26245,0.86754525
26247,0.97896475
26249,0.9863069
26250,0.9863967
26251,0.017425954
26254,0.060779333
26255,0.9919763
26256,0.019236565
26257,0.9829945
26258,0.010079026
26259,0.01837188
26260,0.12436354
26261,0.01550895
26262,0.013677716
26264,0.12530237
26265,0.9882299
26266,0.97320944
26267,0.8912372
26268,0.009340525
26269,0.9618191
26270,0.9808469
26273,0.029565811
26274,0.97705936
26275,0.04461652
26276,0.1282103
26277,0.0081627965
26278,0.5507216
26279,0.05900383
26281,0.9905213
26282,0.041366458
26283,0.9700437
26284,0.011711597
26285,0.0068058968
26286,0.9788425
26287,0.03773296
26290,0.98005956
26292,0.98608226
26293,0.28620481
26295,0.9619549
26297,0.98491865
26298,0.075701475
26299,0.26099306
26300,0.008345723
26302,0.35666543
26304,0.017527461
26305,0.009975076
26307,0.011273921
26308,0.020746827
26309,0.9888006
26310,0.98546195
26313,0.97041583
26315,0.010113716
26317,0.9669405
26318,0.9776724
26320,0.9838113
26321,0.9915575
26322,0.9848446
26323,0.008748889
26325,0.020082295
26327,0.08617014
26328,0.6245299
26329,0.9776939
26330,0.0058305264
26331,0.017390609
26332,0.96893144
26334,0.11066443
26335,0.97911435
26336,0.9815189
26337,0.0060637593
26339,0.020628333
26342,0.010305166
26344,0.0775972
26346,0.9845974
26347,0.010390043
26349,0.032926083
26350,0.010556459
26351,0.9881459
26352,0.9906167
26354,0.96043485
26355,0.6081703
26356,0.9757373
26357,0.9828189
26358,0.9864577
26361,0.98335147
26362,0.98135513
26363,0.009902477
26364,0.9689636
26365,0.96014607
26366,0.9831065
26367,0.32802892
26368,0.1587677
26369,0.76696813
26371,0.9892144
26372,0.89358693
26374,0.8038718
26376,0.98102915
26377,0.9691694
26379,0.025138378
26381,0.9820159
26382,0.98498124
26384,0.24393791
26385,0.9869151
26386,0.007996619
26387,0.98177457
26388,0.9378228
26389,0.9786097
26390,0.9813922
26392,0.092939496
26393,0.032092333
26398,0.98274773
26400,0.7825551
26401,0.9837912
26402,0.14562505
26404,0.11226004
26405,0.98356736
26407,0.010928988
26408,0.9828223
26409,0.99161446
26410,0.97281253
26412,0.01627922
26414,0.0070032477
26415,0.018928468
26416,0.3845997
26417,0.9662936
26419,0.95444345
26420,0.020356834
26421,0.969786
26422,0.01789105
26423,0.2299071
26424,0.047160625
26425,0.14811784
26426,0.023272216
26427,0.9798983
26428,0.04304886
26430,0.7387155
26431,0.99042475
26433,0.01045388
26435,0.983152
26436,0.9722694
26437,0.9387133
26438,0.04694122
26439,0.9871335
26440,0.017882407
26441,0.6790496
26442,0.016985059
26443,0.055307806
26445,0.98501134
26446,0.29447645
26447,0.3471132
26449,0.9448726
26450,0.37196362
26451,0.012576163
26452,0.011618793
26454,0.5961049
26455,0.7749456
26456,0.021446943
26457,0.0074015856
26458,0.96369517
26459,0.9285408
26460,0.97516423
26463,0.035063267
26464,0.93523854
26465,0.101436675
26469,0.17460245
26470,0.96725565
26471,0.7975033
26473,0.7798829
26474,0.9554012
26477,0.015232623
26479,0.67098683
26481,0.037089467
26482,0.008416355
26484,0.96300036
26485,0.9885401
26486,0.01796937
26487,0.77517176
26490,0.8919256
26491,0.010609448
26494,0.017566442
26495,0.09615362
26496,0.014048338
26499,0.035862684
26501,0.115112185
26504,0.04414755
26505,0.42701143
26506,0.12468916
26508,0.027073622
26510,0.95380884
26511,0.012808204
26512,0.08847159
26513,0.026896536
26514,0.33050483
26516,0.3835346
26517,0.97459334
26518,0.020276189
26520,0.01368016
26521,0.23267955
26522,0.011710405
26525,0.01263392
26526,0.021858871
26535,0.01090914
26537,0.17526138
26538,0.039731383
26539,0.026926816
26541,0.016139507
26542,0.83523864
26543,0.05782354
26545,0.97258407
26549,0.011729062
26550,0.019932985
26551,0.94801044
26552,0.035021305
26553,0.052951097
26555,0.014605761
26556,0.019786656
26557,0.56305134
26558,0.006498039
26559,0.010041654
26560,0.0077248216
26561,0.014125824
26563,0.018518806
26565,0.9539826
26566,0.0074284673
26567,0.053842068
26568,0.9663472
26569,0.02347815
26571,0.06485814
26572,0.014711797
26573,0.009832859
26574,0.006251931
26575,0.97840625
26577,0.073575735
26581,0.03829837
26583,0.007673621
26586,0.014151692
26587,0.12550622
26588,0.021749318
26592,0.016374648
26594,0.9637312
26595,0.9869744
26596,0.26269227
26598,0.038741946
26599,0.013479114
26600,0.009017646
26601,0.9656627
26602,0.0076994896
26603,0.010134518
26604,0.053578496
26606,0.67030036
26608,0.16464967
26609,0.0069776177
26610,0.009319246
26611,0.021694362
26612,0.9800088
26613,0.14465797
26614,0.011291623
26616,0.023055851
26617,0.13967568
26618,0.8203973
26619,0.009522557
26620,0.010967672
26621,0.960675
26623,0.92339295
26624,0.026741862
26625,0.008019924
26627,0.011564732
26628,0.98537457
26630,0.01734978
26632,0.6612312
26633,0.030387402
26634,0.01201117
26637,0.008181334
26640,0.06864071
26641,0.035771012
26642,0.010476291
26644,0.9458096
26645,0.96689653
26646,0.9628449
26647,0.0044879317
26649,0.9684028
26650,0.04555744
26651,0.024067283
26653,0.015182078
26654,0.030393958
26655,0.96827966
26657,0.038199246
26660,0.9674694
26661,0.991363
26662,0.012052834
26664,0.99004906
26668,0.006837249
26669,0.29524535
26670,0.07836646
26671,0.013598144
26672,0.007919133
26675,0.08583665
26676,0.013911784
26677,0.58012134
26678,0.015856504
26680,0.015918612
26681,0.08599639
26682,0.024997473
26683,0.0488109
26685,0.020240724
26687,0.06871408
26688,0.96770036
26689,0.96692854
26690,0.008756876
26691,0.016029775
26692,0.011137545
26693,0.021024942
26694,0.029426455
26695,0.9668071
26696,0.008208156
26697,0.9574319
26699,0.024590552
26700,0.16254514
26701,0.007833719
26703,0.0052641034
26704,0.010914147
26705,0.962093
26707,0.008924484
26709,0.0148227215
26710,0.16472048
26711,0.017048419
26712,0.011100829
26713,0.011428297
26715,0.9810579
26716,0.01846689
26717,0.013474226
26718,0.951305
26719,0.016536772
26720,0.018308818
26723,0.95997727
26725,0.961453
26726,0.013393164
26727,0.0126924515
26728,0.37237316
26729,0.99134755
26730,0.0069253445
26732,0.045444608
26734,0.09864396
26735,0.9837364
26737,0.96752924
26741,0.95565677
26742,0.013813496
26743,0.008546829
26745,0.01850158
26746,0.018467128
26747,0.9496295
26748,0.967147
26750,0.07459903
26751,0.16945517
26752,0.016701758
26753,0.9912871
26757,0.048039556
26758,0.014629841
26759,0.9707719
26760,0.10171032
26761,0.49519676
26763,0.15809858
26764,0.9916031
26765,0.008348405
26766,0.011964142
26768,0.024813056
26769,0.958741
26770,0.01714623
26771,0.015990317
26772,0.008554339
26773,0.050319433
26776,0.0120078325
26777,0.011050582
26778,0.014384985
26779,0.040008187
26780,0.0051870346
26782,0.040149152
26785,0.011736155
26786,0.090097964
26787,0.016607642
26791,0.14479136
26792,0.96771085
26793,0.0069981217
26794,0.051556706
26795,0.01813507
26796,0.11297631
26797,0.013573885
26798,0.9052204
26799,0.047804594
26800,0.13947064
26801,0.013687074
26802,0.11246151
26804,0.7718196
26805,0.024159491
26806,0.0078101754
26809,0.047741592
26810,0.98128474
26812,0.017712116
26813,0.009547472
26814,0.011684656
26817,0.25432503
26819,0.017005205
26820,0.025904417
26822,0.008171499
26823,0.051622152
26824,0.90748197
26825,0.9609144
26826,0.006263733
26827,0.9236236
26829,0.96945286
26831,0.9866704
26832,0.015959918
26833,0.014403939
26834,0.03992194
26835,0.9687356
26836,0.0071486235
26837,0.9617977
26838,0.956218
26839,0.3676294
26840,0.006608367
26841,0.9673619
26843,0.173042
26846,0.9894505
26848,0.28481334
26849,0.009933233
26850,0.008724928
26851,0.9723453
26852,0.016860425
26853,0.9266951
26854,0.020192206
26855,0.9867659
26856,0.028888702
26860,0.5172537
26861,0.043334007
26862,0.02709037
26863,0.006811738
26864,0.98467857
26866,0.9887347
26867,0.97139055
26869,0.013908923
26871,0.9676789
26873,0.68475246
26874,0.9659317
26875,0.91660076
26877,0.014988601
26878,0.010283291
26880,0.9891938
26881,0.008757472
26883,0.007320285
26884,0.024898708
26885,0.7325561
26887,0.965839
26889,0.75174356
26890,0.08437812
26893,0.6401962
26896,0.12864518
26897,0.051359713
26898,0.9660686
26901,0.0069212317
26902,0.03882003
26904,0.12916827
26905,0.08420682
26911,0.16554928
26912,0.17265499
26913,0.19392318
26914,0.016361117
26915,0.0127666
26917,0.030030906
26918,0.98952264
26919,0.2666148
26920,0.015467942
26922,0.037519753
26924,0.0850364
26925,0.90041506
26927,0.10313326
26928,0.10660601
26929,0.011217296
26930,0.084237814
26931,0.7162204
26933,0.9917314
26935,0.3755936
26937,0.81329286
26938,0.07365972
26939,0.0060057044
26940,0.006722629
26942,0.98913836
26943,0.03363216
26945,0.90190226
26947,0.089844346
26948,0.090247154
26950,0.0054775476
26951,0.03590685
26952,0.94705844
26954,0.08218551
26955,0.01755321
26958,0.18032622
26959,0.07481879
26960,0.065894246
26961,0.09039277
26962,0.9814677
26963,0.04337907
26964,0.9748042
26965,0.018350184
26966,0.9231227
26968,0.99095213
26969,0.9551566
26971,0.99101365
26972,0.00784111
26973,0.013617754
26974,0.9893755
26975,0.96174836
26976,0.98759997
26977,0.0139116645
26978,0.08292532
26979,0.9761996
26980,0.04320556
26981,0.030314028
26982,0.006552875
26984,0.010167956
26987,0.03481257
26988,0.011010826
26989,0.010695815
26990,0.013961077
26991,0.7808411
26992,0.03520423
26994,0.010704815
26995,0.05357933
26996,0.9409806
26997,0.03214258
26998,0.52089036
26999,0.99310005
27000,0.057646632
27002,0.37758744
27003,0.124581575
27004,0.0870415
27005,0.9356172
27007,0.08232939
27010,0.052247226
27012,0.49294055
27013,0.008947551
27015,0.00838685
27016,0.020355582
27018,0.011234105
27019,0.12451333
27021,0.11340368
27023,0.09060776
27024,0.5510756
27025,0.06692928
27026,0.96206117
27027,0.8182033
27028,0.27042592
27029,0.97315866
27030,0.1059227
27031,0.068437874
27032,0.010886908
27033,0.08446765
27036,0.03831911
27037,0.109432995
27038,0.055100203
27039,0.08862573
27040,0.37794816
27041,0.030254126
27043,0.11003077
27044,0.012796342
27045,0.6828457
27046,0.016852379
27047,0.9757898
27048,0.0134625435
27049,0.9727845
27050,0.94897175
27051,0.010763109
27054,0.9911943
27056,0.987658
27057,0.11237341
27058,0.9519935
27059,0.9063424
27060,0.9633742
27061,0.066176236
27063,0.96377695
27064,0.95791066
27066,0.017072737
27067,0.017259717
27070,0.016822398
27071,0.0075492263
27072,0.73704976
27075,0.4721077
27076,0.010994852
27078,0.9874673
27079,0.008595586
27080,0.025939822
27081,0.007861316
27082,0.0206725
27083,0.934775
27085,0.006966114
27088,0.99146354
27089,0.046473563
27090,0.09156883
27091,0.04802692
27092,0.4159274
27094,0.010150552
27095,0.9881127
27096,0.3623978
27097,0.018954873
27098,0.023710549
27101,0.005626321
27102,0.062548995
27104,0.068903685
27108,0.9532757
27109,0.98419154
27110,0.0416106
27112,0.010817945
27113,0.011475742
27114,0.034149706
27117,0.8201674
27118,0.009991407
27119,0.951022
27120,0.025393724
27122,0.18192571
27123,0.015455902
27124,0.33440113
27125,0.77273077
27127,0.9902955
27131,0.9663153
27132,0.033008695
27133,0.008076131
27134,0.98870885
27135,0.058818042
27137,0.9490448
27139,0.013303101
27141,0.95678747
27142,0.0110762715
27144,0.27780116
27145,0.947943
27146,0.97111124
27147,0.14649361
27148,0.022820175
27151,0.88856155
27152,0.8793878
27153,0.96243685
27154,0.023211718
27156,0.9668884
27158,0.009794652
27159,0.9664335
27161,0.021593928
27162,0.9772006
27164,0.16830808
27165,0.027129173
27167,0.13327575
27170,0.96813476
27171,0.91599524
27172,0.9715882
27173,0.017557919
27175,0.013043046
27176,0.42990923
27178,0.09774691
27179,0.014908016
27180,0.96419483
27181,0.010472357
27182,0.010544717
27183,0.06914532
27184,0.8222455
27185,0.08692938
27187,0.00785768
27189,0.89127684
27190,0.006018579
27191,0.2519496
27192,0.038661838
27193,0.86246383
27195,0.006695211
27196,0.01360625
27198,0.95213854
27199,0.013379931
27200,0.007786095
27201,0.008752286
27202,0.96838737
27203,0.1137501
27204,0.9907089
27206,0.032835662
27209,0.9717942
27210,0.07950431
27211,0.9139497
27214,0.014079392
27216,0.00864768
27217,0.1880933
27218,0.99275863
27219,0.008095562
27223,0.009562433
27227,0.033301115
27230,0.068923414
27231,0.98873585
27232,0.98544586
27233,0.018288374
27234,0.0124871135
27235,0.57937527
27236,0.023864388
27238,0.011243284
27239,0.5786612
27240,0.047668934
27241,0.97783166
27243,0.088712335
27244,0.007984996
27246,0.010589838
27247,0.98232615
27248,0.38711226
27249,0.016087115
27252,0.7125442
27253,0.9631912
27254,0.9643171
27256,0.7552568
27257,0.9732321
27259,0.9662854
27260,0.060180604
27261,0.050824285
27262,0.13919646
27263,0.5247175
27264,0.026721895
27265,0.97583824
27267,0.052350342
27268,0.970088
27269,0.93744147
27270,0.02715242
27271,0.031003535
27272,0.10576141
27273,0.8104611
27274,0.96421856
27275,0.99198014
27278,0.010852814
27279,0.014046371
27281,0.006208241
27283,0.008574486
27284,0.1709311
27286,0.033726037
27289,0.9711649
27290,0.9667441
27291,0.023563027
27292,0.031141222
27294,0.026809096
27295,0.025432646
27296,0.040882766
27297,0.028321624
27298,0.057569563
27301,0.99164605
27302,0.07892668
27303,0.014603794
27304,0.052366734
27305,0.0067334175
27306,0.016144812
27307,0.01566422
27311,0.010490656
27315,0.9680485
27316,0.050507903
27317,0.96808803
27318,0.037154317
27319,0.00549829
27320,0.072034895
27321,0.01014632
27322,0.09503204
27323,0.96314454
27324,0.008105099
27325,0.9598141
27327,0.008654594
27329,0.010441303
27330,0.89169234
27331,0.99005383
27332,0.03487456
27334,0.074922204
27335,0.007904947
27336,0.011782825
27338,0.82026166
27339,0.98810196
27340,0.016100526
27341,0.9661681
27342,0.016867936
27343,0.91409755
27345,0.9918372
27346,0.0083063245
27347,0.012616575
27349,0.023054242
27350,0.85873604
27351,0.97088796
27352,0.014512658
27353,0.01851523
27354,0.5595801
27355,0.020635128
27358,0.021573842
27359,0.012121141
27360,0.0081041455
27361,0.011957288
27363,0.008274913
27365,0.009043992
27369,0.5188135
27370,0.07100606
27374,0.043198466
27375,0.117396474
27378,0.15321642
27379,0.013616025
27380,0.10058135
27385,0.06020397
27386,0.02208656
27387,0.9730544
27388,0.92084783
27391,0.0067906976
27392,0.014673591
27394,0.44346946
27395,0.94842505
27396,0.023136497
27398,0.9589603
27399,0.9839043
27401,0.01540184
27402,0.013127089
27406,0.0789358
27408,0.024245441
27412,0.01815474
27414,0.1624754
27416,0.00557822
27418,0.9643095
27420,0.7918691
27423,0.029565692
27426,0.009631515
27427,0.11152178
27428,0.032714427
27430,0.48774397
27432,0.051684976
27433,0.08749694
27434,0.9767973
27435,0.025868475
27436,0.6627187
27439,0.015844584
27440,0.009332359
27441,0.055990398
27443,0.06827885
27444,0.015449822
27445,0.7970634
27446,0.006707549
27448,0.018452168
27450,0.13911414
27451,0.6307913
27453,0.12165213
27454,0.15589535
27455,0.019445777
27456,0.9748827
27457,0.96104085
27460,0.8935073
27462,0.9505504
27465,0.96643454
27466,0.95206887
27467,0.83095944
27468,0.016625404
27469,0.006473422
27472,0.020855606
27473,0.16841853
27474,0.796211
27476,0.6416347
27477,0.8920696
27481,0.005969107
27482,0.008775175
27484,0.9483555
27487,0.013834357
27488,0.09590864
27490,0.016370833
27494,0.93643594
27496,0.010996759
27497,0.012375593
27500,0.9653962
27501,0.051422536
27502,0.9728711
27503,0.37132144
27504,0.093821764
27505,0.08558583
27506,0.02456528
27507,0.13474548
27508,0.006762266
27509,0.9480456
27511,0.009448171
27514,0.00972414
27515,0.22716755
27517,0.24681139
27518,0.018556118
27519,0.9728277
27523,0.034417152
27524,0.010380447
27526,0.08621067
27528,0.9724725
27529,0.15237808
27530,0.031210482
27533,0.96854544
27534,0.04324138
27535,0.005367875
27538,0.02001363
27539,0.02280277
27542,0.96217346
27543,0.3226391
27544,0.95105094
27545,0.9918512
27546,0.008208156
27547,0.98582476
27549,0.07743162
27552,0.011710763
27554,0.005303979
27555,0.049653053
27557,0.00740391
27558,0.008404195
27561,0.26241547
27562,0.023258328
27563,0.011033595
27564,0.58613646
27573,0.018712819
27574,0.00789243
27579,0.6654303
27582,0.9918871
27584,0.08593398
27585,0.014169514
27586,0.031143427
27589,0.010209978
27590,0.008925378
27591,0.95892996
27593,0.020177305
27595,0.031125665
27596,0.8416515
27597,0.02916801
27599,0.014765024
27600,0.9626488
27602,0.24852788
27603,0.009295881
27605,0.657061
27606,0.09437442
27608,0.022992492
27610,0.020277321
27612,0.013354301
27613,0.9684982
27616,0.77920866
27617,0.06458324
27619,0.9706421
27620,0.13246816
27622,0.007165432
27624,0.0182994
27625,0.1487475
27627,0.014451444
27630,0.0091869235
27631,0.012279093
27632,0.030755341
27633,0.079758584
27634,0.021024287
27636,0.014910579
27637,0.0064085126
27638,0.010116279
27639,0.9747017
27640,0.9704255
27644,0.9827527
27645,0.015143931
27647,0.085354686
27648,0.9930674
27649,0.0709576
27650,0.01577741
27651,0.20759207
27652,0.9897145
27653,0.020675719
27654,0.8678851
27655,0.012393296
27656,0.22486156
27657,0.03635651
27658,0.8002534
27660,0.9661625
27661,0.008380175
27662,0.96801525
27664,0.011006296
27666,0.99173635
27669,0.9916513
27671,0.95087016
27672,0.011106312
27673,0.07682967
27674,0.9663052
27675,0.13745457
27676,0.9676527
27677,0.01917386
27678,0.033261538
27680,0.009342432
27683,0.036837816
27685,0.015229404
27686,0.97546184
27687,0.9676616
27689,0.009773731
27690,0.04719466
27691,0.94961995
27692,0.072809756
27693,0.012955725
27696,0.94994855
27698,0.013006568
27699,0.13899529
27703,0.015440404
27704,0.9902153
27705,0.014487803
27707,0.97005725
27709,0.08653188
27711,0.5835633
27712,0.022256255
27714,0.73118544
27715,0.06174475
27716,0.9371682
27717,0.06600237
27718,0.99123055
27719,0.007470429
27720,0.013850808
27722,0.18543553
27726,0.0062446594
27730,0.54704595
27731,0.3121602
27732,0.021571577
27734,0.05461067
27735,0.9110129
27736,0.00870055
27737,0.9522208
27738,0.012655497
27745,0.95987016
27747,0.00797689
27748,0.044932306
27749,0.011069238
27750,0.9288393
27753,0.9056957
27756,0.008204043
27758,0.17992473
27760,0.97113544
27761,0.035747945
27764,0.9518022
27766,0.04003048
27767,0.94156563
27771,0.019727528
27772,0.014569879
27773,0.9607349
27774,0.40751278
27775,0.006737292
27780,0.10463148
27781,0.010776758
27783,0.029629111
27785,0.98180026
27787,0.9730469
27788,0.028437555
27790,0.01062274
27792,0.8169023
27793,0.9310018
27794,0.007274151
27795,0.018780768
27796,0.053541422
27797,0.9741962
27801,0.041163445
27802,0.013842821
27804,0.016967475
27807,0.94022024
27808,0.03997022
27812,0.36212367
27814,0.13805324
27815,0.93749464
27816,0.0077044964
27817,0.008962274
27818,0.012307823
27819,0.021854281
27821,0.9567945
27822,0.06778455
27823,0.034062386
27824,0.9569964
27826,0.045384407
27827,0.9299494
27829,0.9128555
27830,0.00686723
27831,0.8875077
27832,0.9686314
27834,0.9464633
27835,0.007045567
27837,0.30792886
27839,0.029802918
27840,0.009032428
27841,0.019873679
27842,0.013245881
27843,0.05993247
27844,0.009316564
27845,0.014162004
27848,0.007919848
27849,0.906819
27850,0.69987524
27851,0.9755507
27853,0.3995937
27856,0.95850676
27857,0.010839164
27858,0.011451185
27859,0.47257334
27860,0.96904653
27863,0.012414575
27864,0.12169194
27865,0.008717537
27867,0.01766324
27870,0.9880976
27871,0.02042824
27873,0.053396523
27874,0.9716597
27875,0.0155591965
27876,0.008611739
27877,0.96746427
27879,0.7220402
27881,0.95268625
27882,0.011737764
27883,0.009504676
27884,0.050772548
27886,0.008571804
27887,0.76987046
27888,0.0069695115
27889,0.02027136
27892,0.98430437
27893,0.014020741
27894,0.9678717
27896,0.42132658
27897,0.9781057
27898,0.9627484
27901,0.96435684
27907,0.95466834
27909,0.014491975
27910,0.004528284
27911,0.16696328
27912,0.96009654
27914,0.06046647
27916,0.0085891485
27917,0.009095132
27918,0.96946716
27919,0.054533184
27920,0.9727314
27922,0.37856477
27923,0.12876862
27924,0.010989249
27926,0.007622361
27928,0.35232246
27929,0.9690485
27930,0.95268774
27932,0.09381336
27934,0.007578194
27935,0.07875919
27937,0.027419388
27939,0.0069681406
27941,0.04981917
27944,0.95577896
27945,0.97339696
27946,0.9773502
27947,0.08294505
27950,0.022640288
27951,0.008348763
27952,0.010120988
27953,0.9682182
27954,0.022914529
27955,0.009300768
27956,0.9675352
27957,0.008457899
27958,0.96772385
27959,0.9646253
27961,0.72570884
27963,0.06801301
27965,0.9717548
27967,0.46169752
27970,0.08216995
27971,0.99109954
27972,0.024241984
27973,0.010189414
27974,0.014442384
27975,0.9471283
27976,0.9512013
27978,0.014043331
27979,0.011652887
27980,0.007517159
27981,0.013841689
27983,0.9736642
27985,0.010190725
27986,0.36024153
27987,0.077044666
27988,0.030103147
27989,0.080420434
27990,0.77236307
27991,0.0078523755
27993,0.0088967085
27995,0.010715187
27996,0.00852102
27997,0.9634201
27998,0.007929981
27999,0.50479656
28000,0.009620309
28001,0.010940194
28002,0.13656402
28003,0.99033415
28004,0.03494394
28005,0.097451806
28006,0.009611189
28007,0.05260378
28008,0.21568596
28009,0.014565587
28010,0.9612026
28011,0.08101177
28012,0.106671154
28014,0.0806852
28015,0.9160461
28016,0.018167853
28018,0.013008773
28019,0.0111300945
28020,0.022682786
28021,0.96871674
28022,0.96509254
28023,0.053415537
28025,0.009463131
28027,0.9420227
28032,0.07488245
28033,0.01503408
28035,0.010004163
28036,0.008653462
28037,0.105219424
28039,0.017944634
28040,0.017405927
28041,0.8318391
28042,0.9713779
28043,0.7902466
28044,0.015235603
28045,0.06322169
28047,0.09484875
28049,0.34987563
28052,0.96173394
28053,0.021574676
28054,0.9649685
28055,0.018029332
28057,0.7974029
28058,0.014498532
28059,0.00918293
28060,0.028376818
28062,0.09837085
28063,0.025332749
28066,0.9926882
28067,0.8409263
28068,0.011214614
28069,0.012151122
28070,0.9456435
28071,0.008578241
28075,0.09103155
28076,0.01339525
28078,0.90890694
28079,0.00628525
28080,0.9695902
28081,0.009646535
28083,0.25561202
28085,0.0374642
28087,0.11855048
28089,0.012355268
28090,0.9757597
28091,0.8496127
28092,0.013918638
28093,0.96539754
28094,0.007892668
28095,0.021661699
28096,0.9710589
28097,0.05422616
28098,0.015456021
28099,0.964647
28100,0.020150542
28101,0.0074991584
28103,0.97488517
28106,0.010163128
28107,0.0063611865
28108,0.9196414
28110,0.029446661
28111,0.006900549
28112,0.1320768
28113,0.35096574
28114,0.9865487
28116,0.9628259
28117,0.012666464
28118,0.96091086
28119,0.009708345
28120,0.054987907
28121,0.009145379
28122,0.97648084
28123,0.9676505
28124,0.10354173
28126,0.66227233
28127,0.0082271695
28128,0.01815623
28129,0.008615851
28130,0.7985529
28132,0.81310683
28133,0.53735876
28134,0.01996404
28135,0.9604219
28136,0.014863908
28137,0.012908936
28140,0.33242357
28141,0.6025822
28142,0.9685699
28143,0.014140427
28144,0.9863163
28145,0.0068363547
28147,0.9270359
28148,0.0087111
28149,0.010489047
28150,0.98994696
28151,0.06765854
28153,0.96374893
28154,0.9520555
28156,0.96482074
28157,0.015215278
28159,0.009381831
28160,0.0672555
28162,0.11379981
28164,0.92842287
28165,0.060780704
28166,0.9485455
28167,0.0066298246
28168,0.012514651
28170,0.22059286
28172,0.014424086
28173,0.9754398
28174,0.0100342035
28175,0.00741452
28178,0.01146096
28179,0.008447349
28180,0.008967936
28183,0.96388006
28184,0.012400031
28185,0.9916601
28187,0.06555617
28188,0.0053958297
28189,0.9658878
28191,0.9732816
28193,0.099749506
28194,0.014697552
28195,0.6594523
28196,0.08740699
28197,0.9594104
28198,0.0054848194
28199,0.9693418
28200,0.021274447
28201,0.006669104
28202,0.97549003
28203,0.9720012
28205,0.084718525
28207,0.012013137
28209,0.96104884
28211,0.014029205
28214,0.95906353
28215,0.007977128
28217,0.043870807
28219,0.009428859
28220,0.0060526133
28221,0.07045597
28222,0.969527
28223,0.018379271
28226,0.12793761
28227,0.008862972
28228,0.017697811
28229,0.011182666
28233,0.96524173
28235,0.039381027
28236,0.01747036
28239,0.009149134
28240,0.9594162
28241,0.95586216
28242,0.958701
28244,0.98599404
28245,0.026139796
28247,0.008288622
28249,0.0099333525
28250,0.011008143
28251,0.020233035
28252,0.062595606
28255,0.099635065
28256,0.0066990852
28257,0.9311443
28258,0.15991253
28259,0.010938883
28260,0.0077604055
28262,0.94603235
28264,0.053943872
28265,0.9763531
28266,0.9743301
28267,0.0076262355
28269,0.9632262
28271,0.011068225
28272,0.036928594
28273,0.95429385
28274,0.0062333345
28278,0.00848788
28279,0.007586181
28282,0.16051191
28283,0.0727821
28284,0.07617146
28285,0.9733292
28286,0.3461365
28287,0.8496101
28288,0.0100854635
28290,0.14638203
28291,0.95636714
28292,0.027455151
28293,0.021994114
28294,0.11245948
28295,0.15965581
28297,0.034515858
28299,0.0076420903
28302,0.018734396
28304,0.8345382
28306,0.022462726
28307,0.970211
28308,0.104878664
28309,0.008422613
28310,0.42788535
28311,0.30164438
28313,0.005685866
28315,0.012520134
28316,0.1174044
28317,0.018343508
28319,0.007025242
28322,0.67534435
28323,0.008277833
28324,0.01883161
28326,0.007955432
28327,0.97090936
28331,0.010509312
28332,0.95316905
28333,0.008219659
28334,0.029812276
28335,0.9581761
28337,0.7529178
28338,0.95419526
28340,0.11107862
28342,0.96896416
28343,0.9822134
28345,0.024714291
28347,0.9928896
28348,0.011107981
28349,0.00678128
28350,0.9792774
28352,0.036058426
28354,0.97120225
28356,0.04811269
28358,0.051480353
28359,0.11215538
28360,0.013569057
28362,0.0072931647
28365,0.13809556
28366,0.011638999
28367,0.975459
28368,0.033636093
28369,0.01017189
28372,0.9599702
28373,0.9332421
28374,0.8570952
28375,0.027021945
28379,0.009397149
28380,0.0060726404
28381,0.008393049
28382,0.99012256
28383,0.95507467
28384,0.013830185
28386,0.0076220036
28387,0.11017811
28391,0.95499647
28392,0.07721919
28394,0.078332245
28395,0.008765638
28396,0.010798097
28397,0.7310365
28398,0.049235463
28399,0.0837934
28400,0.44122237
28401,0.006170571
28402,0.22569358
28403,0.021592796
28404,0.01215452
28405,0.007799208
28406,0.9651832
28407,0.12655532
28408,0.7909523
28409,0.070522785
28411,0.9670839
28413,0.016856134
28414,0.00871551
28415,0.13316244
28416,0.008243561
28419,0.9462186
28420,0.12451702
28422,0.014201045
28423,0.22896773
28425,0.9913134
28426,0.99247694
28427,0.9653523
28429,0.38913906
28430,0.9823874
28431,0.03789419
28432,0.013925493
28433,0.0068356395
28434,0.0060679317
28436,0.008044362
28437,0.014880717
28438,0.96306115
28444,0.959321
28446,0.90007013
28449,0.96356
28450,0.9806696
28451,0.9919258
28452,0.012315869
28454,0.010931909
28455,0.113867104
28456,0.85445607
28458,0.9671729
28459,0.010079622
28461,0.76203036
28462,0.6428627
28464,0.99239516
28466,0.009748578
28467,0.45383906
28468,0.1114431
28470,0.97883755
28471,0.967354
28473,0.9617475
28474,0.98375964
28475,0.02440226
28476,0.9330448
28477,0.020074725
28478,0.007261455
28480,0.019071877
28482,0.95678604
28483,0.008267164
28485,0.94264966
28486,0.010837674
28487,0.0075212717
28488,0.30478442
28490,0.017958641
28491,0.028484583
28492,0.044045925
28494,0.98912686
28496,0.8063228
28497,0.014872372
28498,0.9649673
28501,0.0068655014
28502,0.0061145425
28503,0.4157647
28504,0.97348255
28505,0.91195625
28507,0.015960395
28508,0.9589825
28509,0.0106134415
28511,0.015668929
28513,0.010913491
28514,0.014314771
28515,0.007199645
28516,0.015674055
28517,0.011545479
28518,0.0064953566
28520,0.008124888
28521,0.9155951
28522,0.009031117
28523,0.09159559
28525,0.96240836
28526,0.10477877
28527,0.021387458
28528,0.008976102
28533,0.05479288
28534,0.014108479
28535,0.036648452
28536,0.00810498
28538,0.0077142715
28540,0.013462305
28542,0.9674176
28543,0.9826846
28546,0.012790084
28547,0.9540603
28548,0.017190516
28550,0.97757596
28551,0.047451675
28552,0.012790203
28553,0.0067596436
28554,0.012337565
28555,0.9584974
28557,0.35893577
28558,0.021573305
28559,0.0108036995
28563,0.9904345
28564,0.12592435
28565,0.5310263
28567,0.13096762
28571,0.032318413
28572,0.9720265
28575,0.013682246
28577,0.17577356
28579,0.08172351
28580,0.0081881285
28581,0.070660174
28582,0.0797199
28583,0.9414991
28585,0.53676486
28586,0.17794168
28587,0.0058704615
28592,0.0114402175
28593,0.9362869
28594,0.97334653
28595,0.965363
28596,0.011537492
28597,0.011661053
28598,0.9672045
28599,0.9178045
28600,0.9733718
28603,0.016126215
28604,0.01335299
28605,0.9666321
28607,0.018598378
28608,0.0142351985
28611,0.96333855
28613,0.035980344
28614,0.025995135
28618,0.06639534
28619,0.54045486
28621,0.008183539
28622,0.9745809
28623,0.014121771
28624,0.026642084
28625,0.95546144
28626,0.9183829
28627,0.97335637
28628,0.2666654
28629,0.94945985
28630,0.014494181
28632,0.014107645
28633,0.97406656
28635,0.87347865
28636,0.35436183
28638,0.011501372
28640,0.94360054
28641,0.9902731
28642,0.1667512
28644,0.02705872
28645,0.012285113
28646,0.016907632
28649,0.008645475
28650,0.9475507
28651,0.9694525
28652,0.009888947
28655,0.12338644
28656,0.025134921
28657,0.014028609
28658,0.96466607
28660,0.012549281
28661,0.058723748
28662,0.99092597
28663,0.006968379
28666,0.018809259
28667,0.014341056
28668,0.97488046
28670,0.05214435
28671,0.18470943
28672,0.02163744
28675,0.036813855
28679,0.36780643
28680,0.0134292245
28682,0.9367056
28683,0.9490847
28685,0.9689708
28686,0.95830977
28687,0.008872807
28688,0.88506323
28689,0.011771083
28693,0.95608497
28694,0.077650905
28696,0.012114525
28699,0.355389
28700,0.015558422
28701,0.10519397
28703,0.02439034
28704,0.9682322
28706,0.014639914
28708,0.99115986
28709,0.020336032
28710,0.98740405
28714,0.06341559
28716,0.013501525
28717,0.97395146
28718,0.9701955
28719,0.9622566
28720,0.9438017
28721,0.96533775
28722,0.022788405
28724,0.030353487
28725,0.012575567
28726,0.014080405
28728,0.00830102
28730,0.9666074
28731,0.016189456
28733,0.96210444
28735,0.011958003
28738,0.012702584
28739,0.013115048
28740,0.15364563
28741,0.9531786
28742,0.96961325
28743,0.03588569
28744,0.9768316
28745,0.9618183
28746,0.96282554
28747,0.65462613
28748,0.955594
28749,0.022463202
28752,0.97097003
28753,0.015177727
28755,0.96902585
28756,0.008800447
28757,0.9678712
28758,0.9401489
28759,0.95431507
28760,0.8831115
28761,0.89157027
28763,0.018503606
28764,0.9669267
28765,0.9894862
28767,0.010182977
28768,0.029843986
28771,0.94733334
28772,0.9595346
28773,0.46833092
28776,0.97312665
28778,0.9651389
28779,0.26531363
28780,0.07251966
28784,0.93436825
28788,0.9626759
28789,0.9703437
28790,0.01191771
28791,0.033592224
28793,0.9601296
28797,0.015134335
28798,0.010197818
28799,0.98205245
28800,0.028374672
28801,0.96290994
28802,0.015078366
28804,0.06984156
28805,0.01430136
28806,0.96463394
28808,0.33288914
28809,0.96315795
28814,0.009854674
28815,0.9317404
28816,0.012116253
28817,0.97194767
28818,0.97152984
28820,0.011237562
28821,0.9741435
28823,0.9845633
28824,0.020702243
28826,0.9690459
28828,0.4504527
28830,0.83166564
28831,0.9729659
28832,0.025787592
28833,0.023925364
28837,0.008163869
28839,0.9741882
28840,0.96548575
28841,0.9869613
28844,0.014099896
28845,0.9846099
28847,0.88292044
28848,0.9674294
28853,0.9683508
28856,0.009568512
28858,0.9689919
28859,0.9559055
28860,0.014680386
28863,0.1542325
28864,0.01985699
28865,0.078448355
28867,0.021293819
28868,0.01850307
28869,0.9461242
28870,0.98987
28872,0.2609524
28873,0.01576829
28874,0.005951643
28876,0.026400983
28877,0.96865624
28879,0.00692755
28880,0.97682345
28881,0.012571394
28883,0.9646793
28884,0.84059215
28885,0.96988165
28886,0.9576527
28888,0.9777167
28889,0.9913416
28890,0.012070894
28891,0.00767684
28892,0.036353886
28894,0.9694717
28896,0.9738919
28898,0.954904
28899,0.98236305
28900,0.015267193
28902,0.9609966
28903,0.010829747
28905,0.96516466
28908,0.9677441
28909,0.91898584
28910,0.9096909
28913,0.029281676
28914,0.021578193
28915,0.92477137
28917,0.03757453
28918,0.018965542
28921,0.050771475
28922,0.97181606
28923,0.96276325
28924,0.011956155
28925,0.9895767
28927,0.9679948
28928,0.089636624
28930,0.009143472
28931,0.0071057677
28932,0.9705173
28935,0.069463074
28936,0.022739232
28937,0.9734494
28938,0.028021157
28940,0.023174167
28942,0.29296678
28943,0.025568247
28944,0.012403071
28950,0.5763631
28952,0.028153718
28955,0.8952123
28957,0.13205963
28958,0.08952564
28959,0.97283274
28960,0.9676436
28962,0.9656773
28963,0.27493024
28964,0.99016297
28965,0.01140523
28967,0.015583456
28968,0.97142327
28969,0.96480334
28970,0.052518725
28971,0.0772866
28972,0.9020644
28973,0.85717684
28974,0.9694943
28977,0.13839638
28985,0.965497
28986,0.98258436
28987,0.9714667
28992,0.031852722
28995,0.010631263
28997,0.95228523
28998,0.010358155
29003,0.03968501
29007,0.97116506
29011,0.98342204
29013,0.9702119
29014,0.7960074
29015,0.021291077
29017,0.019601047
29018,0.07470214
29019,0.14347708
29020,0.9709118
29021,0.014416218
29024,0.013453245
29027,0.021870017
29028,0.011523724
29029,0.93596226
29030,0.013070822
29033,0.016732037
29034,0.068700016
29035,0.006906152
29038,0.034406483
29039,0.94503105
29040,0.008285224
29042,0.017146647
29052,0.012449563
29053,0.018872797
29054,0.0087759495
29057,0.052473247
29059,0.9751849
29060,0.012729108
29061,0.94728386
29063,0.9628313
29065,0.012941897
29066,0.97087914
29067,0.9721237
29071,0.045035064
29074,0.1310243
29076,0.9705255
29078,0.03878522
29079,0.7541156
29080,0.021029532
29084,0.96971875
29085,0.021489501
29087,0.97334844
29090,0.008353889
29093,0.021748662
29094,0.99092215
29095,0.14421606
29096,0.03189528
29098,0.25923252
29100,0.005614996
29101,0.020465732
29102,0.96411633
29103,0.032743573
29104,0.016002059
29105,0.9682051
29106,0.9686857
29108,0.00813216
29111,0.013395727
29112,0.9688254
29114,0.03763503
29117,0.010154247
29118,0.02258861
29121,0.02875942
29126,0.0055003166
29127,0.99080884
29128,0.8464231
29129,0.13669455
29130,0.026609778
29131,0.022402465
29133,0.0064296722
29134,0.9756109
29136,0.006869018
29138,0.026108027
29140,0.20275837
29141,0.49475956
29142,0.04982853
29143,0.8778868
29144,0.9405771
29145,0.007203281
29146,0.6360053
29147,0.9629582
29149,0.0097539425
29150,0.014435828
29151,0.0123900175
29152,0.45801324
29153,0.9749651
29155,0.967541
29157,0.88574505
29159,0.07648045
29161,0.028961122
29163,0.010524154
29164,0.98054403
29165,0.9670559
29166,0.060189664
29167,0.97309417
29168,0.06901002
29169,0.5568394
29170,0.90302646
29171,0.021287799
29173,0.86239254
29174,0.013266325
29175,0.98940235
29176,0.95876074
29177,0.010133803
29178,0.65313804
29180,0.99243957
29181,0.0064823627
29183,0.011896551
29184,0.9842079
29185,0.088893
29186,0.9631468
29187,0.0074438453
29188,0.991872
29191,0.012230456
29197,0.06641048
29200,0.8146221
29201,0.9662654
29202,0.97761655
29204,0.05652243
29205,0.30891305
29207,0.8078222
29208,0.98682874
29209,0.0068237185
29210,0.012766719
29211,0.013976932
29213,0.9584115
29214,0.15693492
29215,0.95349205
29218,0.8597855
29219,0.012697816
29220,0.110070586
29222,0.46325684
29223,0.23860097
29226,0.013051391
29227,0.014961004
29228,0.7535481
29229,0.13190812
29230,0.9636893
29231,0.08512944
29232,0.46514726
29233,0.8498609
29235,0.010577261
29237,0.071698666
29238,0.9653984
29240,0.0150126815
29241,0.0105576515
29242,0.9687502
29243,0.075020075
29244,0.9265068
29245,0.008162916
29247,0.009001613
29250,0.024386942
29252,0.24342191
29253,0.021252632
29255,0.97641754
29256,0.9790147
29257,0.9883989
29258,0.019541264
29259,0.014973104
29260,0.9366627
29261,0.030842006
29262,0.97919667
29264,0.09874058
29266,0.024516582
29267,0.9680084
29269,0.01071763
29271,0.97136945
29272,0.0154771805
29273,0.5981791
29274,0.9827871
29275,0.8968617
29277,0.93614405
29278,0.020194113
29279,0.9779486
29280,0.9666108
29281,0.4579897
29282,0.9683981
29286,0.019695818
29288,0.031737924
29289,0.016559482
29292,0.9610832
29293,0.9720438
29295,0.98719984
29296,0.074659765
29297,0.06543499
29299,0.023677945
29300,0.085570455
29301,0.06642151
29304,0.031317413
29305,0.9649121
29306,0.97320855
29309,0.0107213855
29310,0.01074177
29311,0.9673781
29312,0.029072106
29313,0.04702133
29314,0.63953614
29315,0.053757727
29317,0.96735644
29318,0.008544624
29319,0.032162488
29320,0.9797237
29322,0.01946938
29323,0.015951037
29324,0.52473676
29325,0.4642173
29326,0.009797215
29327,0.9514299
29328,0.9186002
29329,0.13756418
29330,0.09744167
29333,0.017664135
29336,0.96682835
29337,0.011814833
29339,0.93443567
29341,0.009082735
29344,0.021046698
29345,0.9651536
29346,0.014689207
29347,0.023045838
29348,0.015832007
29349,0.95305043
29350,0.013271868
29351,0.010817468
29353,0.013077557
29356,0.19153118
29357,0.97215414
29358,0.015297592
29359,0.011246443
29361,0.971194
29362,0.015880167
29363,0.0096670985
29365,0.035293102
29367,0.008199751
29369,0.009429812
29371,0.006623566
29373,0.017965436
29375,0.01258707
29376,0.036765277
29378,0.972901
29379,0.95350873
29380,0.7568579
29381,0.033337414
29382,0.14649391
29383,0.9140502
29384,0.9671821
29385,0.097340286
29386,0.007656038
29387,0.9834994
29388,0.0076398253
29391,0.08443737
29392,0.007433057
29393,0.18357378
29395,0.96730745
29396,0.07974744
29399,0.00879401
29400,0.9719825
29401,0.9632914
29403,0.96992165
29404,0.9715924
29407,0.9887339
29408,0.04655415
29409,0.07821971
29410,0.06348324
29413,0.9688347
29414,0.007284105
29416,0.9660672
29417,0.026291609
29418,0.01182425
29421,0.97053105
29422,0.9926518
29424,0.016856134
29425,0.9488673
29427,0.021666646
29428,0.014207542
29429,0.1894579
29430,0.87719536
29431,0.009158254
29432,0.009140551
29434,0.86204976
29436,0.2991857
29437,0.8941881
29439,0.95594037
29440,0.00859803
29441,0.010543287
29442,0.015420318
29443,0.010913849
29444,0.007130325
29447,0.012851536
29448,0.03492993
29449,0.11354011
29452,0.009149253
29453,0.5679545
29454,0.011511505
29455,0.009610236
29456,0.006369412
29460,0.27818465
29461,0.0064443946
29462,0.08354968
29463,0.9689607
29466,0.9581861
29468,0.008747399
29469,0.9764484
29470,0.19935685
29471,0.057141244
29472,0.008213699
29473,0.9855047
29474,0.9651618
29475,0.91189647
29478,0.9672989
29480,0.015914679
29481,0.00799942
29482,0.9613742
29484,0.97470963
29485,0.99123305
29486,0.62596315
29487,0.9699227
29488,0.03850913
29489,0.03411752
29490,0.013846278
29492,0.02182144
29494,0.84788036
29501,0.024787664
29502,0.010627806
29504,0.11575228
29505,0.72078717
29507,0.046347022
29508,0.026207387
29509,0.035407007
29510,0.060644627
29511,0.97369003
29512,0.12662005
29515,0.008803248
29516,0.21010363
29519,0.019560874
29520,0.9216587
29521,0.049383998
29522,0.026730835
29523,0.97524124
29524,0.006412387
29526,0.9486723
29528,0.03645283
29529,0.9622312
29530,0.0054000616
29531,0.0069440007
29532,0.90333486
29534,0.9475544
29535,0.017005146
29538,0.02560097
29540,0.95516783
29543,0.17490071
29544,0.12297118
29545,0.0063562393
29546,0.015208006
29547,0.92973864
29548,0.0128394365
29549,0.9599594
29550,0.006811142
29551,0.010538876
29552,0.97905195
29555,0.018586338
29556,0.008965075
29557,0.9702882
29559,0.98533314
29562,0.055250645
29564,0.97543204
29565,0.049552143
29567,0.010190368
29568,0.009979844
29570,0.00822562
29571,0.9794079
29572,0.010450721
29573,0.9884631
29574,0.0064924955
29576,0.034835577
29579,0.010337472
29580,0.015813172
29581,0.99021256
29582,0.028740942
29584,0.94388914
29586,0.045019627
29587,0.006497085
29588,0.07400787
29590,0.95794123
29592,0.7776533
29595,0.008326709
29596,0.35668498
29598,0.97078884
29599,0.9641815
29603,0.7027503
29604,0.9902439
29605,0.69995373
29606,0.96233755
29607,0.97180384
29610,0.019375622
29613,0.021716356
29615,0.9637568
29616,0.006940484
29617,0.008485794
29621,0.037167072
29622,0.9433014
29623,0.015340567
29624,0.018286765
29627,0.7753136
29628,0.09092468
29629,0.96853685
29630,0.98648757
29631,0.010214508
29632,0.13044566
29633,0.9639153
29634,0.27729702
29637,0.99087477
29639,0.08810252
29640,0.0072594285
29641,0.0064410567
29642,0.9698607
29643,0.03568399
29644,0.96603584
29645,0.9710429
29646,0.9704863
29647,0.9855628
29649,0.97311753
29650,0.009827733
29651,0.008617222
29653,0.990014
29654,0.05659759
29655,0.95486337
29656,0.11262548
29657,0.96833134
29658,0.9878779
29659,0.9286616
29660,0.01326108
29661,0.017245352
29662,0.9648975
29663,0.9912577
29664,0.013619721
29665,0.9558773
29667,0.9897703
29669,0.3828743
29670,0.56716293
29671,0.040403187
29673,0.9351702
29674,0.98985213
29677,0.036015213
29678,0.96688384
29679,0.97485495
29680,0.009056747
29681,0.043706775
29683,0.04189092
29684,0.89400584
29685,0.046764016
29686,0.6110072
29690,0.85612595
29691,0.750361
29693,0.111379564
29695,0.50358
29697,0.97813386
29698,0.01144731
29699,0.5668172
29700,0.670458
29701,0.058201373
29702,0.938053
29704,0.05156094
29705,0.96131146
29706,0.9873738
29707,0.0076006055
29708,0.38088423
29709,0.9625698
29710,0.10492569
29711,0.9764603
29712,0.064876676
29716,0.88998777
29717,0.01708424
29719,0.012095213
29720,0.791836
29721,0.11833906
29723,0.014536977
29725,0.014008939
29727,0.008624494
29728,0.21788365
29729,0.017810524
29730,0.010770023
29731,0.9362927
29732,0.014090836
29733,0.9697943
29735,0.94301164
29737,0.99129176
29738,0.010426581
29739,0.9663088
29740,0.04611975
29742,0.01339823
29744,0.010899007
29745,0.021392226
29746,0.9626713
29749,0.9374136
29750,0.92004794
29752,0.023671925
29754,0.0382452
29755,0.16500872
29756,0.95869964
29757,0.061505616
29758,0.015436411
29759,0.9643736
29760,0.011032164
29761,0.984589
29762,0.79312277
29763,0.07175219
29765,0.9603814
29766,0.0079391
29767,0.12708151
29772,0.026563466
29773,0.9915957
29775,0.008347571
29776,0.97121626
29780,0.9896787
29781,0.63418156
29782,0.03415513
29783,0.9257244
29785,0.029513001
29786,0.9492605
29789,0.9597861
29790,0.9397012
29792,0.9861678
29794,0.07254255
29795,0.029980421
29797,0.94924194
29798,0.008235157
29799,0.084546804
29800,0.007502556
29802,0.96879697
29803,0.990587
29804,0.014888823
29805,0.96585435
29806,0.017873704
29807,0.9560658
29808,0.9599966
29810,0.013999641
29811,0.88782
29812,0.012324572
29813,0.018548787
29814,0.9392258
29816,0.028809011
29817,0.013846636
29819,0.95210475
29821,0.0053967834
29823,0.9697865
29828,0.9611282
29829,0.00902015
29831,0.9673887
29834,0.45712346
29835,0.8048272
29836,0.010123551
29837,0.103334665
29840,0.9747878
29841,0.010033488
29842,0.011018217
29846,0.02402836
29850,0.010583341
29851,0.96971196
29853,0.6926176
29854,0.9458339
29855,0.019091964
29857,0.0066948533
29858,0.012541413
29859,0.9139797
29861,0.9699106
29862,0.9415632
29863,0.16323811
29864,0.9319083
29865,0.9634828
29866,0.013648927
29869,0.021598816
29872,0.13656223
29873,0.008652389
29874,0.011761606
29875,0.9914754
29876,0.94470006
29878,0.99078107
29882,0.020177305
29883,0.90642977
29884,0.010572612
29886,0.0120200515
29887,0.021093965
29888,0.018443823
29890,0.10832685
29891,0.014404416
29893,0.01404798
29894,0.01575023
29895,0.88154924
29896,0.9327832
29898,0.97132224
29899,0.011252701
29900,0.9682065
29902,0.008912027
29903,0.9713955
29905,0.010149837
29906,0.0129259825
29907,0.06333113
29909,0.017608821
29910,0.12411207
29911,0.22686237
29912,0.96741915
29913,0.14818084
29916,0.96857095
29917,0.9867153
29919,0.028006732
29920,0.08007264
29922,0.3717494
29923,0.016670465
29924,0.09406918
29927,0.011080086
29928,0.032082856
29930,0.014333308
29932,0.96361774
29933,0.021238565
29935,0.012489557
29936,0.86019933
29939,0.89268744
29940,0.9740766
29942,0.88894475
29944,0.0077980757
29945,0.975784
29946,0.9851981
29947,0.01477325
29949,0.0091094375
29950,0.09336293
29952,0.79798794
29953,0.97404927
29957,0.5576246
29958,0.06518835
29959,0.015894592
29960,0.98308384
29962,0.015530467
29964,0.10021591
29965,0.9651512
29966,0.9902062
29967,0.8305053
29968,0.029832006
29969,0.0066998005
29970,0.17548746
29971,0.009879947
29972,0.009818912
29973,0.010494173
29974,0.055564523
29976,0.0079039335
29977,0.052405357
29978,0.028160334
29979,0.017578423
29981,0.077074945
29982,0.9910006
29984,0.9654312
29985,0.013669908
29986,0.013180971
29989,0.96639323
29991,0.08140087
29993,0.9472763
29996,0.0070660114
29998,0.009521246
29999,0.9679166
30000,0.7345995
30001,0.019936442
30003,0.97366947
30004,0.9483609
30005,0.017348588
30006,0.055132627
30008,0.014642119
30009,0.074715495
30011,0.06467086
30012,0.047907054
30013,0.9691794
30014,0.8784914
30015,0.028768063
30018,0.008684039
30023,0.028301299
30025,0.076420546
30027,0.9665044
30028,0.016483128
30030,0.0077580214
30031,0.96731454
30035,0.031778634
30036,0.013670385
30038,0.96974134
30039,0.021556258
30040,0.96775025
30041,0.8160771
30042,0.037445366
30044,0.9747001
30045,0.012674212
30046,0.013976932
30048,0.31417388
30050,0.013469815
30051,0.009397626
30053,0.32079494
30054,0.121248364
30055,0.96754044
30056,0.06228888
30057,0.6616242
30061,0.38100016
30062,0.013918996
30065,0.012355506
30066,0.16597646
30067,0.9554932
30069,0.016237676
30070,0.9696583
30072,0.98892915
30073,0.015042186
30074,0.008198559
30077,0.8530144
30079,0.012207687
30080,0.33353275
30081,0.018412113
30083,0.20046133
30087,0.17506844
30088,0.0064296722
30089,0.055588663
30090,0.9333497
30091,0.1923036
30092,0.01893133
30096,0.96441346
30099,0.18034774
30100,0.93139416
30101,0.13973784
30102,0.02116239
30103,0.79077303
30104,0.080343544
30105,0.9655195
30106,0.73231655
30109,0.96621495
30110,0.009598434
30112,0.00966531
30114,0.8523878
30115,0.8794968
30118,0.08050108
30119,0.97595084
30120,0.0057740808
30122,0.97005564
30128,0.016890287
30129,0.015264273
30130,0.01838857
30131,0.5595536
30132,0.010627091
30134,0.032299876
30135,0.02946508
30138,0.9642875
30139,0.02873075
30140,0.93273544
30141,0.9697479
30143,0.015859485
30144,0.45230186
30147,0.007816255
30148,0.020386815
30149,0.008931041
30152,0.97242534
30153,0.023716927
30154,0.107319415
30156,0.19384795
30157,0.96674776
30158,0.9634711
30160,0.007546723
30161,0.9906797
30163,0.014734447
30164,0.008950114
30165,0.0129032135
30166,0.06505507
30167,0.016003013
30169,0.9365099
30170,0.021399558
30171,0.9325483
30172,0.872893
30174,0.01458168
30176,0.009058893
30179,0.011883378
30180,0.10533327
30181,0.023732245
30185,0.011797488
30186,0.12535846
30187,0.41924268
30188,0.026520967
30189,0.05119288
30190,0.08872563
30193,0.9911335
30194,0.015919864
30195,0.010378599
30196,0.010535359
30200,0.017133534
30202,0.055799365
30204,0.006787181
30205,0.3052513
30206,0.9194754
30207,0.008369029
30208,0.011823118
30209,0.109116614
30211,0.0061575174
30212,0.9682416
30213,0.97858334
30214,0.0129877925
30215,0.24463773
30216,0.973316
30218,0.021307886
30219,0.9678255
30220,0.008166432
30221,0.011885166
30222,0.9692166
30224,0.013160408
30229,0.9306358
30231,0.025059998
30232,0.079630315
30233,0.013403833
30234,0.95042753
30235,0.057077944
30236,0.758592
30237,0.024256408
30238,0.36566317
30239,0.97196114
30240,0.013376534
30241,0.017200768
30243,0.7511625
30244,0.0077906847
30245,0.9732063
30246,0.07627082
30247,0.96485543
30249,0.93928576
30250,0.03690362
30251,0.08964878
30252,0.036732614
30253,0.8521764
30254,0.011554122
30255,0.012881041
30256,0.015217364
30257,0.031019688
30259,0.91590273
30261,0.02883768
30262,0.010244787
30263,0.008996844
30265,0.0074025393
30266,0.90575904
30267,0.010418415
30269,0.9701873
30270,0.018134773
30272,0.009334564
30273,0.012366772
30274,0.8522091
30275,0.9720189
30278,0.009525001
30281,0.38878363
30282,0.96871
30283,0.34419405
30284,0.009022117
30285,0.010835707
30286,0.9373379
30287,0.008956313
30290,0.026214957
30291,0.019143999
30292,0.01681894
30293,0.013163209
30294,0.0111377835
30296,0.9214208
30297,0.9896953
30298,0.009184003
30299,0.008923292
30300,0.021961927
30301,0.9893103
30303,0.030646265
30305,0.9573244
30306,0.0165236
30308,0.9612107
30310,0.014349282
30311,0.011553109
30312,0.97628117
30313,0.010020852
30314,0.008795798
30315,0.65600276
30316,0.96065885
30317,0.04338932
30318,0.0054095984
30319,0.4515741
30322,0.038871765
30324,0.43617582
30325,0.017728686
30326,0.014315248
30327,0.032120943
30328,0.0058959126
30329,0.014040351
30332,0.97415566
30333,0.9715993
30334,0.04023075
30336,0.037676156
30337,0.034411848
30338,0.94028753
30339,0.96263605
30340,0.014166713
30341,0.97479653
30342,0.9532909
30346,0.03482747
30349,0.027991772
30350,0.98430806
30351,0.017819405
30357,0.021137118
30358,0.018105924
30359,0.9684097
30360,0.0629046
30361,0.11238575
30363,0.017814577
30364,0.6254647
30365,0.97577536
30366,0.9567478
30367,0.010179043
30368,0.95611954
30369,0.0077807903
30370,0.9737711
30371,0.013144076
30373,0.7320081
30374,0.029695988
30375,0.019830644
30376,0.023547709
30377,0.0123769045
30378,0.7528045
30379,0.016464353
30380,0.0127209425
30381,0.124851346
30382,0.0191409
30383,0.0074281096
30384,0.009484291
30385,0.01102066
30386,0.044836044
30387,0.0052798986
30389,0.02625382
30391,0.010560572
30393,0.012570441
30394,0.114668965
30395,0.2733161
30396,0.015427709
30398,0.007295966
30400,0.93829906
30403,0.30882066
30404,0.8990529
30405,0.9912985
30406,0.95854896
30407,0.018657506
30408,0.96644706
30409,0.02884382
30412,0.9636999
30413,0.007687509
30417,0.9675437
30419,0.020608604
30422,0.17199755
30425,0.9390135
30427,0.11686832
30428,0.0064705014
30429,0.041618288
30430,0.008588076
30431,0.012207687
30435,0.008090079
30436,0.92618513
30437,0.064674616
30438,0.03892672
30439,0.9901467
30442,0.013777673
30444,0.012830138
30446,0.9064472
30447,0.01945275
30448,0.9741741
30449,0.008075058
30451,0.43142277
30453,0.9669448
30455,0.9445475
30456,0.9876789
30457,0.021539032
30458,0.972294
30459,0.017462194
30460,0.038229227
30462,0.073391914
30463,0.07640356
30464,0.04872167
30465,0.9701469
30466,0.012400746
30469,0.019313037
30470,0.9819638
30471,0.6029191
30472,0.16894364
30475,0.97560143
30476,0.9657452
30477,0.9179251
30478,0.015750945
30479,0.96781844
30480,0.013617277
30481,0.3088752
30485,0.024871767
30486,0.013268948
30488,0.96715355
30489,0.084863484
30491,0.9694258
30492,0.96358794
30493,0.010503173
30494,0.07988411
30497,0.042392194
30498,0.9690059
30500,0.038879395
30501,0.021351814
30503,0.9575085
30504,0.008808315
30505,0.9725285
30507,0.02014947
30510,0.07710755
30511,0.009753585
30512,0.0334419
30513,0.96182054
30514,0.04910654
30516,0.011567175
30517,0.00963074
30518,0.0062687993
30520,0.93883646
30522,0.0373559
30523,0.28925866
30524,0.97757715
30525,0.022123814
30526,0.052090883
30527,0.024222612
30528,0.9197816
30530,0.012830734
30531,0.014277279
30534,0.012827516
30535,0.13509339
30536,0.84952635
30537,0.09141791
30539,0.02292639
30541,0.046286225
30542,0.008566022
30543,0.6827916
30544,0.96672386
30545,0.07285744
30548,0.015442729
30549,0.9400069
30551,0.07294893
30552,0.023195565
30553,0.9562267
30555,0.6289444
30556,0.021537542
30558,0.95894617
30560,0.14688742
30561,0.93514866
30562,0.014606476
30563,0.024934888
30564,0.009939671
30566,0.9740562
30568,0.10111362
30571,0.019087374
30572,0.013013542
30573,0.02127409
30574,0.10215992
30575,0.9501083
30578,0.00718379
30579,0.0053501725
30581,0.0069535375
30582,0.9617737
30584,0.025557399
30586,0.005847752
30588,0.033839643
30589,0.17591983
30591,0.0875268
30592,0.43801475
30593,0.708893
30596,0.011720061
30598,0.9743056
30600,0.9758696
30602,0.9497942
30603,0.12556493
30604,0.9796214
30606,0.017758131
30607,0.040954173
30608,0.010822594
30609,0.011844039
30610,0.03686446
30613,0.015244544
30614,0.9558498
30615,0.9918852
30616,0.03357309
30617,0.012249172
30619,0.021616638
30620,0.84646153
30622,0.011558533
30624,0.07615
30625,0.9896816
30627,0.015221536
30628,0.013538063
30629,0.009135187
30630,0.9047851
30634,0.08944523
30635,0.9672601
30636,0.008563459
30637,0.021036148
30638,0.01498723
30639,0.009244025
30640,0.010320544
30641,0.96307284
30642,0.8992245
30644,0.012144268
30645,0.96675277
30646,0.011313319
30648,0.11322123
30649,0.0166111
30651,0.07959014
30652,0.027636647
30653,0.053625703
30654,0.016429782
30655,0.9571171
30656,0.028975904
30657,0.016030252
30659,0.012947381
30661,0.021699011
30662,0.03173852
30666,0.96493864
30671,0.007778585
30673,0.98983836
30676,0.96573484
30677,0.9325583
30681,0.22543037
30682,0.009304643
30683,0.96652746
30684,0.96434623
30685,0.103126645
30687,0.97554374
30688,0.01648128
30689,0.018040359
30691,0.10801989
30692,0.6473858
30693,0.9711577
30695,0.7878865
30697,0.008917093
30701,0.015704155
30704,0.9594029
30708,0.9658496
30709,0.38159984
30710,0.961845
30712,0.044709325
30713,0.08391976
30717,0.9690997
30718,0.058041573
30719,0.115470946
30720,0.018100858
30721,0.06140524
30722,0.027719915
30723,0.96525466
30725,0.9868394
30726,0.17430305
30727,0.008366704
30728,0.8889576
30729,0.22164035
30730,0.96487254
30731,0.028626561
30732,0.9649969
30736,0.011176646
30737,0.011595607
30740,0.03183508
30743,0.53342944
30744,0.9528046
30745,0.2725032
30747,0.96575665
30749,0.03209722
30750,0.9598524
30751,0.014672637
30753,0.97011447
30754,0.036017
30755,0.015450954
30759,0.024724603
30763,0.0072696805
30766,0.82350945
30767,0.015138745
30768,0.008556545
30769,0.267183
30770,0.93685573
30771,0.9361625
30773,0.9866923
30775,0.94730395
30779,0.9882489
30780,0.018774211
30781,0.038926482
30785,0.048019648
30786,0.031671107
30789,0.967987
30790,0.96004677
30791,0.969291
30794,0.9716525
30795,0.118733466
30798,0.04242456
30799,0.9606628
30800,0.42511928
30801,0.05630976
30804,0.933746
30805,0.020063877
30808,0.022334099
30809,0.94282424
30810,0.033666134
30811,0.8686563
30814,0.07914364
30815,0.09694749
30816,0.008482397
30817,0.043703735
30818,0.99166733
30819,0.017952919
30820,0.0078139305
30822,0.7486137
30824,0.034748614
30825,0.018189013
30827,0.04372096
30828,0.98568827
30829,0.991298
30831,0.083806634
30832,0.020166874
30833,0.10646808
30835,0.009785831
30837,0.016281664
30839,0.9827656
30840,0.94947445
30841,0.017751694
30843,0.9681368
30846,0.008300006
30847,0.016972423
30850,0.97010946
30851,0.07759118
30852,0.18841457
30854,0.097955465
30855,0.008376539
30856,0.019124985
30858,0.00889647
30859,0.009441376
30860,0.036850512
30861,0.026069343
30865,0.163921
30866,0.0081089735
30867,0.023917437
30868,0.008128285
30869,0.084787905
30870,0.01685983
30871,0.022301972
30872,0.09778589
30874,0.015934527
30876,0.97332585
30879,0.050401807
30880,0.97359157
30881,0.053110898
30882,0.012193501
30883,0.5635036
30885,0.00795871
30887,0.011786103
30890,0.84541726
30892,0.025124252
30893,0.96202713
30894,0.97160023
30896,0.015523851
30898,0.1698665
30899,0.10329676
30900,0.942825
30903,0.9863636
30904,0.657367
30905,0.0066207647
30906,0.971778
30907,0.9771187
30908,0.01065892
30910,0.7198351
30912,0.9543646
30915,0.03574729
30916,0.99209714
30917,0.9750533
30918,0.5674407
30919,0.9798879
30920,0.8428385
30923,0.013539314
30924,0.008396208
30925,0.09511089
30926,0.009075582
30927,0.008541524
30929,0.97375107
30932,0.012882292
30937,0.009553313
30938,0.034422636
30940,0.974378
30942,0.012524664
30945,0.15415418
30946,0.089067996
30947,0.15467268
30948,0.9497388
30949,0.03794962
30952,0.02339989
30953,0.101172686
30954,0.0242033
30955,0.7079383
30956,0.9653164
30958,0.0061064363
30959,0.9766068
30961,0.026768088
30962,0.14358419
30966,0.675688
30968,0.96685183
30969,0.82440186
30971,0.012212932
30974,0.743648
30975,0.015171111
30977,0.1626401
30978,0.08748323
30979,0.9711463
30980,0.02098906
30981,0.016326427
30982,0.007332504
30983,0.8163507
30984,0.99303275
30985,0.007207036
30986,0.032173276
30988,0.5484055
30990,0.022895277
30991,0.9087155
30992,0.95428544
30993,0.016229868
30994,0.013938308
30996,0.00980562
31000,0.024303317
31001,0.98872274
31006,0.03286475
31008,0.07884407
31010,0.015822172
31011,0.008004427
31012,0.9686407
31013,0.013793647
31014,0.0076978207
31015,0.987423
31016,0.009072661
31021,0.011734188
31022,0.008563578
31023,0.027594924
31024,0.9729125
31025,0.97386765
31027,0.026496768
31033,0.022826672
31034,0.9634478
31035,0.025878072
31036,0.006947577
31037,0.97351056
31039,0.016661763
31041,0.00531739
31043,0.0062235594
31046,0.21191198
31047,0.034255624
31048,0.96368045
31049,0.9674814
31050,0.11623752
31051,0.021458447
31052,0.97227836
31053,0.96597654
31054,0.972639
31055,0.010204613
31057,0.9673576
31061,0.0048485994
31062,0.4840144
31064,0.012380123
31066,0.9739492
31069,0.009773493
31070,0.007198453
31071,0.9682979
31072,0.099145174
31073,0.022328734
31074,0.9660131
31075,0.012480259
31076,0.16235054
31078,0.024491966
31079,0.97597015
31080,0.9597493
31082,0.97289836
31083,0.03984362
31085,0.009809613
31089,0.13164884
31090,0.009749055
31091,0.02163285
31092,0.02596438
31093,0.009692252
31094,0.961614
31096,0.9914789
31097,0.15415162
31098,0.0051730275
31099,0.09471786
31100,0.010312378
31102,0.9650563
31103,0.9647677
31104,0.008547902
31105,0.0744099
31107,0.016129613
31109,0.006151974
31112,0.015832126
31113,0.011811912
31114,0.018804312
31115,0.011135101
31117,0.066414
31118,0.013675153
31119,0.9919716
31120,0.94939756
31121,0.025776923
31122,0.44897145
31123,0.020897925
31125,0.941944
31126,0.9722047
31127,0.02274537
31128,0.029043913
31129,0.009955883
31132,0.011589289
31133,0.95113766
31134,0.9718682
31135,0.9637627
31136,0.99173576
31137,0.9647423
31139,0.80794036
31141,0.97412694
31142,0.9455272
31143,0.021321833
31145,0.0108006
31148,0.004627526
31149,0.016437829
31150,0.028349578
31151,0.04852122
31152,0.020571768
31153,0.0071312785
31154,0.025360167
31155,0.0063729286
31156,0.009829342
31157,0.0077513456
31158,0.9661541
31160,0.07320213
31161,0.029205859
31163,0.027158618
31164,0.36234593
31165,0.9579445
31166,0.9664351
31167,0.95848477
31170,0.01993692
31172,0.012621939
31173,0.92948097
31175,0.015066028
31177,0.027137756
31179,0.9130884
31211,0.011634946
31212,0.9846662
31213,0.0066741705
31214,0.91959274
31215,0.34718484
31218,0.15957814
31219,0.019482672
31221,0.008207023
31223,0.18924671
31226,0.07162541
31227,0.05485481
31228,0.09987575
31229,0.13785285
31232,0.08366668
31233,0.011073589
31234,0.029390395
31235,0.07988948
31236,0.8282252
31238,0.042277813
31239,0.008114338
31240,0.040506482
31241,0.84999996
31242,0.9900823
31243,0.992416
31244,0.00850004
31245,0.103946924
31246,0.008047402
31247,0.025192916
31250,0.009862661
31251,0.83520657
31253,0.968587
31254,0.008819997
31255,0.110433936
31258,0.007848144
31259,0.042373717
31261,0.99081856
31264,0.023162365
31265,0.8980734
31266,0.9885037
31267,0.068151355
31268,0.97258747
31269,0.009402573
31270,0.09638089
31273,0.007638335
31274,0.02958554
31276,0.012596607
31277,0.97251993
31278,0.43404466
31280,0.013351619
31281,0.01750052
31282,0.0136547685
31285,0.022826314
31286,0.09911132
31287,0.013701737
31288,0.7970039
31290,0.04154414
31291,0.9677204
31295,0.010057569
31296,0.070997536
31298,0.020727277
31299,0.3195846
31300,0.982162
31301,0.9740777
31302,0.018912077
31303,0.0071772337
31306,0.9669206
31308,0.99057394
31309,0.024797857
31310,0.99006194
31311,0.9726053
31312,0.9715891
31313,0.018504202
31315,0.6678257
31316,0.0065594316
31317,0.080616176
31318,0.009438217
31319,0.0059180856
31320,0.9891701
31321,0.8424845
31323,0.01724708
31324,0.971179
31325,0.034002066
31326,0.19317412
31327,0.01698625
31328,0.03591329
31329,0.014095366
31332,0.9614646
31335,0.047939718
31336,0.14777893
31337,0.008978784
31339,0.017944872
31341,0.079292655
31342,0.006588042
31344,0.006493449
31345,0.9614279
31346,0.014379621
31348,0.93362063
31350,0.008769512
31352,0.022723734
31354,0.008829832
31355,0.25824034
31356,0.88574255
31358,0.28122038
31359,0.018638194
31360,0.021395206
31361,0.0055900216
31364,0.011351764
31365,0.025340557
31366,0.038144946
31367,0.2001872
31368,0.99260885
31370,0.6788653
31371,0.029611588
31372,0.9374261
31373,0.8707862
31375,0.010032773
31377,0.7437351
31381,0.41804367
31382,0.023954332
31383,0.9868183
31384,0.06504583
31385,0.97621894
31388,0.085094035
31389,0.021927953
31396,0.6154785
31397,0.009649575
31399,0.974658
31401,0.011837661
31404,0.009308159
31405,0.007972658
31407,0.92067444
31409,0.07673222
31411,0.2877012
31412,0.059378028
31413,0.73528665
31414,0.012081325
31416,0.98417926
31417,0.34573597
31418,0.96244216
31419,0.9891251
31420,0.04128343
31421,0.96578074
31422,0.03368652
31423,0.010772228
31424,0.096037626
31426,0.9691639
31427,0.012729287
31429,0.02590251
31432,0.97519237
31433,0.006945312
31436,0.054838717
31438,0.022711933
31441,0.009532511
31442,0.24054158
31443,0.0069877505
31444,0.010366201
31445,0.9598382
31447,0.9617441
31449,0.92929876
31450,0.026160002
31451,0.017905414
31452,0.11248475
31454,0.92263955
31456,0.046574235
31457,0.053863525
31458,0.009288967
31460,0.91797715
31461,0.015541196
31465,0.22552973
31466,0.97197527
31468,0.97517884
31469,0.008161724
31471,0.012266517
31474,0.8414116
31476,0.0079934
31478,0.01027447
31479,0.016279578
31480,0.9675157
31482,0.017220497
31484,0.9622355
31485,0.8459523
31488,0.06149429
31490,0.015275419
31492,0.009401143
31495,0.04029268
31496,0.014839649
31497,0.012494206
31498,0.5058216
31499,0.008620143
31500,0.28353983
31501,0.25015724
31505,0.9722355
31506,0.012707353
31507,0.9593558
31508,0.014797151
31509,0.96496034
31511,0.9697063
31513,0.97194797
31515,0.9614644
31516,0.97917444
31517,0.006480992
31519,0.96701723
31520,0.506096
31521,0.5157946
31522,0.022377074
31524,0.013764918
31525,0.016278565
31529,0.006260872
31530,0.008290708
31531,0.014080524
31532,0.94853854
31533,0.028397143
31536,0.9888168
31537,0.007276237
31538,0.020445168
31540,0.16014433
31542,0.85902846
31543,0.02218312
31545,0.021164656
31546,0.92694515
31547,0.007085681
31548,0.0070933104
31550,0.9599297
31551,0.45710254
31555,0.013147891
31556,0.017442763
31557,0.94061524
31559,0.0060019493
31562,0.10853982
31566,0.012645423
31567,0.9777431
31568,0.021276116
31569,0.02316165
31571,0.015225232
31573,0.9656337
31574,0.0099592805
31575,0.73860556
31576,0.008676529
31577,0.9672058
31578,0.07390964
31579,0.025758505
31580,0.3051334
31581,0.9689047
31584,0.010104537
31585,0.035324454
31586,0.016795218
31587,0.99033016
31588,0.97553027
31590,0.96634656
31592,0.019158125
31593,0.93827164
31594,0.925156
31595,0.34548026
31596,0.08257383
31597,0.033914983
31598,0.0071105957
31599,0.021443605
31601,0.010489285
31602,0.92963964
31605,0.035758495
31606,0.013878882
31608,0.9574937
31610,0.017683566
31611,0.9286049
31613,0.917046
31615,0.008361876
31616,0.020716488
31617,0.035548985
31618,0.19037503
31620,0.006377518
31621,0.007909536
31622,0.8170932
31624,0.08836758
31625,0.66618025
31626,0.9678701
31627,0.03174007
31628,0.020773351
31629,0.016242325
31630,0.93565357
31631,0.01372987
31632,0.027450502
31633,0.96389943
31635,0.010108829
31638,0.04829961
31640,0.0061787367
31641,0.99110174
31642,0.95861995
31643,0.029459357
31644,0.9277294
31645,0.9636445
31646,0.8642633
31649,0.8777228
31650,0.010556042
31651,0.9586501
31652,0.01077199
31653,0.007606268
31655,0.065659285
31658,0.009874225
31660,0.07007909
31661,0.010198772
31662,0.8419826
31663,0.71968895
31664,0.21257138
31665,0.9338411
31670,0.9781079
31672,0.012812018
31673,0.9724931
31674,0.0125566125
31676,0.40647298
31679,0.009362996
31680,0.024894536
31682,0.010981321
31683,0.009039879
31684,0.19177628
31685,0.96057844
31687,0.059593737
31688,0.9794537
31690,0.014128149
31691,0.055418015
31694,0.967624
31697,0.010024965
31699,0.99120295
31701,0.9809609
31703,0.01520139
31707,0.037204385
31708,0.033490002
31710,0.4671263
31711,0.15442371
31714,0.05041343
31715,0.005780101
31716,0.96140325
31717,0.012073338
31718,0.90865517
31719,0.05383551
31720,0.017648518
31722,0.9355774
31723,0.023762465
31724,0.96703917
31725,0.96544915
31726,0.013053834
31727,0.9660995
31728,0.9628795
31729,0.008568525
31732,0.9694398
31734,0.010951579
31735,0.014734685
31738,0.006945789
31739,0.1677419
31740,0.030326128
31741,0.9599242
31742,0.98535365
31743,0.0068799257
31744,0.33850837
31746,0.96843386
31747,0.009512126
31748,0.96964717
31749,0.97322905
31750,0.015251577
31751,0.029216528
31752,0.964246
31756,0.14943439
31757,0.88512444
31758,0.26426786
31759,0.952994
31760,0.013222516
31761,0.9751941
31762,0.085846186
31763,0.954199
31764,0.14579225
31766,0.9575715
31767,0.01060611
31769,0.01564157
31771,0.45666254
31772,0.010523558
31775,0.9684067
31776,0.9573348
31777,0.016265273
31778,0.0077344775
31781,0.06452513
31782,0.09446895
31783,0.009499967
31784,0.019366443
31785,0.0980674
31786,0.96881884
31787,0.0099390745
31791,0.05917406
31794,0.9581823
31796,0.1949144
31797,0.9905445
31799,0.32887805
31802,0.010315895
31803,0.6060753
31804,0.03142053
31807,0.008968592
31808,0.0071343184
31811,0.016289055
31812,0.9712699
31813,0.020068347
31817,0.026705086
31820,0.008861959
31821,0.9741704
31824,0.9635981
31825,0.82484376
31826,0.81680524
31827,0.013107717
31828,0.96946955
31829,0.96957374
31831,0.009152293
31833,0.0163517
31835,0.92836255
31836,0.93414086
31838,0.96496993
31839,0.026844084
31840,0.9709219
31841,0.5358603
31842,0.012849569
31843,0.9740695
31846,0.01722622
31847,0.010702133
31849,0.9658591
31850,0.97804093
31851,0.12933105
31852,0.016512454
31853,0.011911213
31856,0.8798266
31857,0.006278336
31859,0.9628937
31860,0.9741327
31863,0.9038226
31865,0.004447758
31866,0.00911963
31867,0.018411398
31868,0.007438481
31869,0.9887858
31870,0.10946703
31871,0.92830867
31872,0.4797678
31873,0.013195634
31877,0.01574266
31878,0.9619965
31879,0.9531721
31880,0.9778293
31881,0.9773775
31882,0.8663194
31883,0.033546448
31886,0.011300266
31893,0.008101106
31894,0.009432375
31895,0.077347696
31896,0.013926506
31898,0.25921303
31901,0.18894446
31902,0.8826729
31903,0.9561381
31905,0.96391755
31907,0.024622083
31908,0.95300704
31909,0.99027175
31912,0.042633057
31914,0.03875208
31916,0.34951216
31917,0.011133611
31919,0.96179104
31920,0.0078073144
31921,0.96539587
31922,0.1385889
31924,0.968429
31925,0.009600699
31928,0.8683389
31929,0.110915065
31932,0.0076055527
31933,0.04649943
31934,0.038585484
31935,0.011458039
31936,0.13199586
31937,0.95889676
31941,0.008005261
31943,0.016937137
31944,0.013753176
31945,0.023183525
31946,0.9637702
31947,0.009661257
31948,0.971192
31949,0.9249718
31950,0.011570334
31951,0.93449706
31954,0.13544655
31955,0.85703135
31956,0.008140624
31957,0.017820239
31958,0.015644133
31959,0.010615885
31960,0.00954628
31961,0.20565361
31962,0.9758537
31963,0.9625711
31967,0.28313363
31968,0.97039926
31969,0.95481104
31970,0.077768445
31971,0.9914887
31976,0.013140917
31980,0.9510319
31982,0.011183858
31984,0.0658232
31985,0.041881323
31986,0.7794956
31988,0.15261656
31989,0.65693176
31990,0.9708621
31992,0.9681572
31993,0.9906849
31994,0.9684236
31995,0.03325218
31996,0.9611015
31998,0.026584566
31999,0.6736825
32002,0.0144789815
32003,0.013765931
32005,0.019313276
32006,0.02791518
32007,0.07160324
32009,0.9810104
32010,0.008767784
32011,0.047887504
32013,0.028093219
32014,0.6186478
32016,0.017588079
32017,0.9248301
32018,0.9530279
32019,0.109089255
32021,0.008251667
32022,0.07295936
32024,0.013421118
32025,0.9518774
32026,0.36696267
32027,0.9700174
32028,0.97080255
32030,0.9875573
32031,0.012758136
32032,0.95897275
32033,0.95192814
32034,0.9694388
32035,0.008332193
32036,0.29354608
32038,0.3352009
32040,0.1758511
32041,0.01092875
32042,0.018384099
32043,0.011213541
32044,0.042161822
32045,0.016234577
32046,0.020074606
32048,0.9663975
32049,0.016513944
32050,0.06489146
32051,0.9691462
32052,0.9671684
32053,0.6189649
32055,0.008380294
32056,0.96658754
32058,0.012355864
32059,0.88764715
32062,0.96321523
32063,0.021222591
32064,0.006061077
32066,0.95807827
32067,0.60323715
32069,0.97922754
32071,0.99129933
32072,0.006577313
32075,0.95814055
32080,0.94854254
32081,0.018412352
32082,0.0075959563
32083,0.02936095
32084,0.012525022
32085,0.014788151
32087,0.9898289
32088,0.05543375
32090,0.98857844
32091,0.022375107
32093,0.022162259
32095,0.9646244
32096,0.045847178
32097,0.656084
32099,0.014606118
32100,0.0069844723
32102,0.09646976
32103,0.050905466
32105,0.9649161
32106,0.011213422
32108,0.9701833
32109,0.008990169
32110,0.9661006
32111,0.9911977
32117,0.0057130456
32119,0.72847563
32120,0.026153922
32122,0.02872777
32123,0.9737499
32125,0.9666163
32126,0.9637665
32127,0.05657929
32128,0.048785865
32129,0.93417203
32130,0.9718271
32132,0.008135796
32133,0.08546412
32134,0.01092875
32135,0.9647814
32136,0.008466661
32137,0.0073314905
32140,0.025058389
32141,0.019069016
32142,0.019713223
32143,0.0122151375
32144,0.0077660084
32145,0.008334219
32146,0.006859362
32149,0.14844811
32151,0.26279217
32152,0.0076982975
32153,0.41934007
32154,0.9720037
32155,0.014145434
32156,0.008277833
32158,0.9649713
32159,0.011308789
32160,0.009270489
32161,0.98841673
32162,0.97688925
32164,0.008148849
32165,0.023027658
32168,0.019574583
32169,0.014626682
32171,0.027608335
32172,0.0074084997
32174,0.01464349
32176,0.10870218
32177,0.9198929
32178,0.009928465
32181,0.9236637
32182,0.9593428
32183,0.6728191
32185,0.9602956
32186,0.16256118
32187,0.98257434
32188,0.98989886
32189,0.011580586
32190,0.24254507
32191,0.009018481
32192,0.0120911
32193,0.03905475
32194,0.42729616
32196,0.011562765
32198,0.07090372
32199,0.10048777
32201,0.97172487
32207,0.9722314
32208,0.008464575
32209,0.018402815
32210,0.02098906
32212,0.005756676
32213,0.9542711
32214,0.023682952
32215,0.010850847
32218,0.43239987
32219,0.014407992
32221,0.96275496
32224,0.9510504
32225,0.017218053
32227,0.029637158
32228,0.007925987
32229,0.10963619
32230,0.033390224
32231,0.48646778
32233,0.9776901
32234,0.026315331
32236,0.9352408
32237,0.0057882667
32238,0.03394693
32239,0.008325517
32240,0.96805763
32241,0.95505965
32242,0.0071533322
32243,0.02017343
32245,0.008854806
32248,0.15346527
32249,0.030347645
32250,0.010925829
32251,0.030026317
32252,0.7037596
32253,0.008221567
32254,0.80099493
32255,0.01002568
32256,0.009798706
32257,0.005180061
32258,0.7829132
32260,0.97161597
32263,0.5728049
32264,0.013430178
32265,0.17977089
32268,0.24413037
32271,0.96883523
32273,0.016640544
32274,0.95484585
32275,0.2879995
32276,0.9749598
32277,0.047785163
32278,0.08571637
32279,0.2190274
32280,0.9670745
32281,0.0369789
32283,0.014502168
32284,0.043765306
32285,0.027628958
32286,0.0151436925
32289,0.5422795
32290,0.9649931
32291,0.94858176
32292,0.019853294
32293,0.010487974
32294,0.7914811
32296,0.025635958
32298,0.7601092
32301,0.0070739985
32302,0.011065066
32306,0.12336081
32307,0.9510992
32308,0.95350444
32310,0.97828484
32311,0.9883355
32312,0.96621203
32313,0.2428925
32314,0.010391533
32315,0.0060788393
32316,0.030047417
32317,0.9387686
32318,0.97789127
32319,0.0076645017
32321,0.9783933
32322,0.12588435
32323,0.01132381
32324,0.017075598
32325,0.013914704
32326,0.97538865
32328,0.008952558
32331,0.11483413
32335,0.97150165
32336,0.8683152
32337,0.005916655
32338,0.97032934
32339,0.19374102
32340,0.95167357
32344,0.036189795
32345,0.008454144
32347,0.006038606
32348,0.078572154
32349,0.050090194
32350,0.015163243
32351,0.05648464
32352,0.9583247
32353,0.075117946
32354,0.97003925
32355,0.0075253844
32357,0.012912631
32358,0.957142
32360,0.1842311
32361,0.9662803
32363,0.12335843
32364,0.015098274
32365,0.019122541
32367,0.0708611
32368,0.1862585
32371,0.9728526
32372,0.014189243
32373,0.9621822
32374,0.08850229
32375,0.008411944
32376,0.9304914
32377,0.01793909
32378,0.9668771
32379,0.008720577
32381,0.01695007
32382,0.07696617
32385,0.02777493
32388,0.9640314
32391,0.9541341
32393,0.9515161
32394,0.009909987
32395,0.010852456
32399,0.13079005
32400,0.02352339
32405,0.9674801
32406,0.00887996
32407,0.97191244
32408,0.06565565
32409,0.0456115
32411,0.9607895
32412,0.011852205
32414,0.0090120435
32416,0.015927494
32417,0.031630337
32420,0.0150792
32422,0.942996
32423,0.088397026
32424,0.013944685
32426,0.9572805
32427,0.5154171
32428,0.13249135
32431,0.026157975
32434,0.010700107
32435,0.07859361
32436,0.9615966
32437,0.8959303
32438,0.73031867
32440,0.012972891
32441,0.9649138
32443,0.9376393
32444,0.96844125
32445,0.2052716
32446,0.013234019
32447,0.05826384
32448,0.008981109
32449,0.89927024
32450,0.062870145
32452,0.8531142
32453,0.02271545
32455,0.9628109
32456,0.007717192
32457,0.9676363
32458,0.024465084
32459,0.029013574
32460,0.021898627
32461,0.09920156
32462,0.008766472
32463,0.0075232387
32468,0.02873677
32470,0.03133285
32471,0.96939397
32472,0.95745337
32473,0.010236621
32474,0.013130605
32476,0.017818153
32477,0.9341812
32478,0.005412936
32479,0.04044205
32480,0.9625271
32481,0.006564617
32482,0.0069686174
32484,0.96453106
32485,0.9644128
32486,0.87602794
32487,0.9675401
32488,0.79143125
32490,0.026958764
32491,0.22147518
32492,0.018837035
32493,0.15686262
32494,0.96711004
32497,0.0065259337
32498,0.4349227
32499,0.009678066
32500,0.026792586
32503,0.020846486
32505,0.007940054
32511,0.013118088
32512,0.04665357
32516,0.023754954
32517,0.012700379
32518,0.97713894
32521,0.96192306
32522,0.96975994
32523,0.029617667
32524,0.9536286
32526,0.9904593
32527,0.029923081
32528,0.10751921
32533,0.0089408755
32534,0.0071896315
32535,0.8951421
32537,0.9692151
32541,0.10138309
32542,0.00812161
32544,0.021576464
32546,0.56434643
32547,0.9280758
32548,0.015459478
32550,0.11513275
32551,0.017761469
32552,0.012127638
32553,0.96169806
32554,0.96310556
32556,0.11115867
32557,0.9609756
32558,0.035866737
32560,0.9564448
32563,0.87794113
32564,0.95339173
32566,0.007478416
32568,0.9454903
32572,0.0064244866
32573,0.010235071
32574,0.0231238
32575,0.011444867
32577,0.96990603
32579,0.0069328547
32580,0.13489002
32581,0.017961502
32586,0.020644963
32587,0.98974085
32589,0.03667569
32593,0.37493813
32594,0.0075617433
32595,0.07138455
32597,0.14648253
32601,0.016695976
32602,0.057994485
32604,0.87856585
32605,0.009953558
32606,0.008188605
32608,0.018588841
32610,0.9525436
32611,0.007988274
32612,0.09208459
32614,0.97359097
32615,0.03590566
32616,0.9728547
32617,0.008798361
32618,0.018452168
32619,0.770955
32620,0.015859723
32623,0.015512884
32624,0.9308474
32626,0.95224905
32627,0.0056046247
32628,0.036517322
32630,0.0077968836
32632,0.00938046
32634,0.0069156885
32635,0.011451244
32637,0.014257908
32639,0.014031053
32640,0.7409731
32641,0.9406311
32642,0.01636678
32643,0.015148103
32644,0.013843775
32648,0.96447664
32650,0.10914898
32651,0.031413972
32653,0.010041058
32658,0.009717345
32660,0.11341882
32662,0.026809275
32663,0.21133989
32664,0.021901965
32665,0.8456974
32667,0.011865675
32669,0.014026403
32670,0.9034833
32671,0.025092065
32672,0.008060992
32674,0.0062564015
32677,0.053312838
32678,0.017004788
32679,0.026267529
32680,0.0111759305
32681,0.011570692
32684,0.008877873
32686,0.051507533
32688,0.96353734
32690,0.97185576
32693,0.0633108
32694,0.101661384
32695,0.08953196
32696,0.0097587705
32697,0.97069085
32698,0.115204394
32699,0.971931
32700,0.14325243
32701,0.020011306
32702,0.062223077
32703,0.98834133
32706,0.9306862
32707,0.013644159
32708,0.93650806
32710,0.008426487
32711,0.13745326
32713,0.96629983
32714,0.033999085
32715,0.08368462
32716,0.022024333
32718,0.31000167
32719,0.9695001
32720,0.8747014
32722,0.96395993
32724,0.0180853
32728,0.9754563
32729,0.009702027
32731,0.9781547
32733,0.033530176
32735,0.99255675
32738,0.056729734
32741,0.088443875
32742,0.97049385
32743,0.96920896
32746,0.015515327
32749,0.10640013
32750,0.0060014725
32751,0.019854248
32752,0.008963585
32754,0.012632489
32755,0.014339447
32756,0.012972653
32757,0.007656276
32759,0.009844065
32760,0.16321325
32761,0.010863543
32762,0.02872485
32763,0.9621555
32764,0.016345918
32767,0.98250306
32769,0.010273993
32770,0.021000981
32772,0.8517695
32773,0.97325736
32775,0.9588221
32776,0.8886244
32778,0.97658473
32780,0.96668047
32781,0.014988601
32782,0.017071366
32783,0.0071088076
32784,0.013900459
32785,0.010025561
32786,0.0070969462
32787,0.008733451
32792,0.9625257
32793,0.58327454
32796,0.9516021
32797,0.9697821
32798,0.9917544
32800,0.01503557
32802,0.016185582
32803,0.008409917
32805,0.008372784
32807,0.01281786
32808,0.9643985
32809,0.3161385
32810,0.96514463
32813,0.06301141
32814,0.86905116
32815,0.010447025
32816,0.05230409
32819,0.0068124533
32820,0.014833391
